In bed start,In bed Finish,Minutes in bed,Minutes asleep,Time to fall sleep,Number of sleep periods,Sleep 1 start,Sleep 1 finish,Sleep 2 start,Sleep 2 finish,Sleep 3 start,Sleep 3 finish,Sleep 4 start,Sleep 4 finish,Sleep 5 start,Sleep 5 finish,Sleep 6 start,Sleep 6 finish,Sleep 7 start,Sleep 7 finish
05-Feb-2018 23:23,06-Feb-2018 06:45,441.552375084162,0.0,0.0,0
07-Feb-2018 00:16,07-Feb-2018 06:50,394.734741733472,0.0,0.0,0
08-Feb-2018 00:17,08-Feb-2018 00:18,1.46666666666667,0.0,0.0,0
08-Feb-2018 00:45,08-Feb-2018 00:48,2.46666666666667,0.0,0.0,0
08-Feb-2018 00:48,08-Feb-2018 01:00,12.2,0.0,0.0,0
08-Feb-2018 01:01,08-Feb-2018 07:02,361.150337115924,0.0,0.0,0
09-Feb-2018 00:00,09-Feb-2018 07:17,436.692389349143,0.0,0.0,0
10-Feb-2018 01:46,10-Feb-2018 07:23,336.863357333342,0.0,0.0,0
11-Feb-2018 00:15,11-Feb-2018 10:25,610.423983333508,0.0,0.0,0
12-Feb-2018 00:27,12-Feb-2018 06:42,374.228261319796,0.0,0.0,0
12-Feb-2018 23:31,13-Feb-2018 07:02,450.6,0.0,0.0,0
13-Feb-2018 07:02,13-Feb-2018 07:04,1.59609903295835,0.0,0.0,0
14-Feb-2018 23:24,15-Feb-2018 06:55,450.889668305715,0.0,0.0,0
16-Feb-2018 02:19,16-Feb-2018 10:10,471.497031799952,0.0,0.0,0
17-Feb-2018 01:24,17-Feb-2018 01:26,2.33333333333333,0.0,0.0,0
17-Feb-2018 03:02,17-Feb-2018 09:41,398.671230616172,0.0,0.0,0
18-Feb-2018 02:09,18-Feb-2018 08:01,352.162152582407,0.0,0.0,0
18-Feb-2018 23:33,19-Feb-2018 06:56,442.17828433315,0.0,0.0,0
20-Feb-2018 02:42,20-Feb-2018 09:48,426.466666666667,0.0,0.0,0
20-Feb-2018 09:49,20-Feb-2018 10:00,10.8268597503503,0.0,0.0,0
21-Feb-2018 01:35,21-Feb-2018 10:00,504.49574106733,0.0,0.0,0
22-Feb-2018 01:27,22-Feb-2018 10:01,513.933333333333,0.0,0.0,0
23-Feb-2018 01:15,23-Feb-2018 03:13,118.4,0.0,0.0,0
23-Feb-2018 03:18,23-Feb-2018 10:05,406.333333333333,0.0,0.0,0
23-Feb-2018 10:05,23-Feb-2018 10:06,0.733333333333333,0.0,0.0,0
24-Feb-2018 09:52,24-Feb-2018 10:00,7.37332306702932,0.0,0.0,0
25-Feb-2018 02:45,25-Feb-2018 11:03,498.08782731692,0.0,0.0,0
26-Feb-2018 01:45,26-Feb-2018 06:50,305.66533827583,0.0,0.0,0
26-Feb-2018 06:52,26-Feb-2018 07:00,8.36148061752319,0.0,0.0,0
26-Feb-2018 23:55,27-Feb-2018 06:45,409.883851252,0.0,0.0,0
28-Feb-2018 00:09,28-Feb-2018 06:53,404.504225649436,0.0,0.0,0
01-Mar-2018 00:34,01-Mar-2018 06:54,380.183086899916,0.0,0.0,0
02-Mar-2018 00:20,02-Mar-2018 06:49,389.363733188311,0.0,0.0,0
03-Mar-2018 02:16,03-Mar-2018 06:43,267.725775833925,0.0,0.0,0
04-Mar-2018 01:18,04-Mar-2018 08:33,435.530068127314,0.0,0.0,0
05-Mar-2018 00:27,05-Mar-2018 06:48,380.680698682864,0.0,0.0,0
07-Mar-2018 00:19,07-Mar-2018 00:20,0.666666666666667,0.0,0.0,0
07-Mar-2018 00:20,07-Mar-2018 06:40,379.852302465836,0.0,0.0,0
07-Mar-2018 23:43,08-Mar-2018 06:28,404.8,0.0,0.0,0
08-Mar-2018 06:28,08-Mar-2018 06:40,11.559067650636,0.0,0.0,0
08-Mar-2018 23:50,09-Mar-2018 06:52,421.708372716109,0.0,0.0,0
10-Mar-2018 02:56,10-Mar-2018 08:31,334.866666666667,0.0,0.0,0
11-Mar-2018 00:55,11-Mar-2018 08:30,395.067621449629,0.0,0.0,0
12-Mar-2018 01:00,12-Mar-2018 07:39,399.0,0.0,0.0,0
12-Mar-2018 07:39,12-Mar-2018 07:40,0.6,0.0,0.0,0
12-Mar-2018 07:40,12-Mar-2018 07:41,0.6,0.0,0.0,0
12-Mar-2018 07:41,12-Mar-2018 07:52,11.2,0.0,0.0,0
12-Mar-2018 07:52,12-Mar-2018 08:30,37.3721948504448,0.0,0.0,0
12-Mar-2018 22:53,13-Mar-2018 06:41,468.608954799175,0.0,0.0,0
14-Mar-2018 00:59,14-Mar-2018 06:50,350.926301149527,0.0,0.0,0
15-Mar-2018 00:08,15-Mar-2018 06:58,410.158510599534,0.0,0.0,0
15-Mar-2018 23:53,16-Mar-2018 06:54,421.146296483278,0.0,0.0,0
17-Mar-2018 00:16,17-Mar-2018 10:11,594.974083483219,0.0,0.0,0
18-Mar-2018 02:00,18-Mar-2018 09:46,466.666666666667,0.0,0.0,0
18-Mar-2018 09:47,18-Mar-2018 10:00,12.8190506339073,0.0,0.0,0
19-Mar-2018 00:29,19-Mar-2018 06:50,381.597920266787,0.0,0.0,0
20-Mar-2018 00:26,20-Mar-2018 06:51,384.983349317312,0.0,0.0,0
21-Mar-2018 01:01,21-Mar-2018 06:50,348.691816099485,0.0,0.0,0
22-Mar-2018 00:29,22-Mar-2018 08:04,454.53702198267,0.0,0.0,0
23-Mar-2018 00:48,23-Mar-2018 06:30,341.54170225064,0.0,0.0,0
24-Mar-2018 01:26,24-Mar-2018 14:38,791.465416566531,0.0,0.0,0
25-Mar-2018 02:00,25-Mar-2018 09:09,429.133333333333,0.0,0.0,0
25-Mar-2018 09:25,25-Mar-2018 09:47,21.8,0.0,0.0,0
25-Mar-2018 09:59,25-Mar-2018 10:00,0.24277438322703,0.0,0.0,0
26-Mar-2018 23:33,27-Mar-2018 06:30,417.383234099547,0.0,0.0,0
28-Mar-2018 00:24,28-Mar-2018 00:32,7.86666666666667,0.0,0.0,0
28-Mar-2018 00:34,28-Mar-2018 00:34,0.0666666666666667,0.0,0.0,0
28-Mar-2018 00:43,28-Mar-2018 00:45,1.6,0.0,0.0,0
28-Mar-2018 00:46,28-Mar-2018 07:41,414.191017866135,0.0,0.0,0
28-Mar-2018 23:59,29-Mar-2018 06:30,390.547517865896,0.0,0.0,0
10-Apr-2018 00:11,10-Apr-2018 06:42,391.804057319959,0.0,0.0,0
11-Apr-2018 23:38,12-Apr-2018 06:50,432.52859561642,0.0,0.0,0
12-Apr-2018 23:39,12-Apr-2018 23:39,0.0666666666666667,0.0,0.0,0
13-Apr-2018 00:25,13-Apr-2018 00:25,0.266666666666667,0.0,0.0,0
13-Apr-2018 01:31,13-Apr-2018 06:50,319.276971934239,0.0,0.0,0
15-Apr-2018 01:39,15-Apr-2018 11:20,581.933333333333,0.0,0.0,0
15-Apr-2018 11:20,15-Apr-2018 11:20,0.0192953169345856,0.0,0.0,0
16-Apr-2018 00:37,16-Apr-2018 06:51,374.778962250551,0.0,0.0,0
18-Apr-2018 00:23,18-Apr-2018 06:54,391.175996816158,0.0,0.0,0
18-Apr-2018 23:37,19-Apr-2018 07:08,450.683421067397,0.0,0.0,0
20-Apr-2018 00:23,20-Apr-2018 06:48,385.355495564143,0.0,0.0,0
20-Apr-2018 22:45,21-Apr-2018 00:49,124.4,0.0,0.0,0
21-Apr-2018 00:49,21-Apr-2018 01:13,24.0,0.0,0.0,0
21-Apr-2018 01:20,21-Apr-2018 01:51,31.2,0.0,0.0,0
21-Apr-2018 02:21,21-Apr-2018 09:58,456.228340800603,0.0,0.0,0
21-Apr-2018 22:45,22-Apr-2018 00:18,93.8666666666667,0.0,0.0,0
22-Apr-2018 00:20,22-Apr-2018 00:30,9.73333333333333,0.0,0.0,0
22-Apr-2018 00:38,22-Apr-2018 00:39,0.666666666666667,0.0,0.0,0
22-Apr-2018 01:43,22-Apr-2018 09:25,461.424970416228,0.0,0.0,0
23-Apr-2018 01:32,23-Apr-2018 06:45,313.912211632729,0.0,0.0,0
23-Apr-2018 23:48,24-Apr-2018 06:52,424.02053108414,0.0,0.0,0
25-Apr-2018 00:00,25-Apr-2018 07:00,419.787493016322,0.0,0.0,0
26-Apr-2018 00:19,26-Apr-2018 06:30,370.718350307147,0.0,0.0,0
27-Apr-2018 00:30,27-Apr-2018 06:32,361.537942582369,0.0,0.0,0
28-Apr-2018 01:30,28-Apr-2018 08:31,421.696689250072,0.0,0.0,0
29-Apr-2018 02:44,29-Apr-2018 09:30,405.58117851615,0.0,0.0,0
30-Apr-2018 00:11,30-Apr-2018 06:55,403.547666116556,0.0,0.0,0
03-May-2018 01:22,03-May-2018 06:56,334.18619808356,0.0,0.0,0
05-May-2018 00:24,05-May-2018 00:28,4.66666666666667,0.0,0.0,0
05-May-2018 00:54,05-May-2018 10:12,558.05002976656,0.0,0.0,0
05-May-2018 22:45,06-May-2018 10:11,686.956762832403,0.0,0.0,0
06-May-2018 22:45,07-May-2018 06:51,486.262828616301,0.0,0.0,0
07-May-2018 22:57,08-May-2018 06:54,477.054259727399,0.0,0.0,0
08-May-2018 23:16,09-May-2018 03:59,282.733333333333,0.0,0.0,0
09-May-2018 03:59,09-May-2018 07:08,189.266666666667,0.0,0.0,0
09-May-2018 07:08,09-May-2018 07:09,0.2,0.0,0.0,0
09-May-2018 07:11,09-May-2018 07:19,8.4,0.0,0.0,0
09-May-2018 23:57,10-May-2018 07:05,427.733333333333,0.0,0.0,0
10-May-2018 07:05,10-May-2018 07:18,12.2,0.0,0.0,0
10-May-2018 07:23,10-May-2018 07:23,0.266666666666667,0.0,0.0,0
10-May-2018 07:23,10-May-2018 07:25,1.47268148263295,0.0,0.0,0
10-May-2018 23:42,11-May-2018 07:00,437.993661735455,0.0,0.0,0
14-May-2018 00:16,14-May-2018 07:02,406.390425789356,0.0,0.0,0
15-May-2018 01:28,15-May-2018 01:30,1.53333333333333,0.0,0.0,0
15-May-2018 01:30,15-May-2018 07:04,333.626689000924,0.0,0.0,0
16-May-2018 00:21,16-May-2018 07:00,398.870570566257,0.0,0.0,0
18-May-2018 00:20,18-May-2018 06:51,390.747682299217,0.0,0.0,0
19-May-2018 01:30,19-May-2018 09:40,490.298329583804,0.0,0.0,0
20-May-2018 01:30,20-May-2018 08:48,438.733333333333,0.0,0.0,0
20-May-2018 08:48,20-May-2018 08:48,0.0666666666666667,0.0,0.0,0
20-May-2018 09:10,20-May-2018 09:21,10.8,0.0,0.0,0
20-May-2018 09:33,20-May-2018 09:33,0.102321666479111,0.0,0.0,0
21-May-2018 01:36,21-May-2018 06:59,323.162029482921,0.0,0.0,0
21-May-2018 06:59,21-May-2018 07:00,1.47562849919001,0.0,0.0,0
22-May-2018 23:42,23-May-2018 07:00,437.73516963323,0.0,0.0,0
24-May-2018 00:24,24-May-2018 06:30,365.800196033716,0.0,0.0,0
24-May-2018 23:30,25-May-2018 07:10,459.657257699966,0.0,0.0,0
29-May-2018 00:57,29-May-2018 07:00,363.028469491005,0.0,0.0,0
30-May-2018 05:50,30-May-2018 07:03,72.1119250992934,0.0,0.0,0
31-May-2018 00:49,31-May-2018 07:01,371.200043716033,0.0,0.0,0
31-May-2018 23:03,01-Jun-2018 07:01,477.705564749241,0.0,0.0,0
02-Jun-2018 01:39,02-Jun-2018 08:23,403.978197582563,0.0,0.0,0
03-Jun-2018 03:25,03-Jun-2018 07:00,215.188969649871,0.0,0.0,0
04-Jun-2018 00:30,04-Jun-2018 07:00,389.910411916176,0.0,0.0,0
05-Jun-2018 00:26,05-Jun-2018 07:00,393.273898416758,0.0,0.0,0
05-Jun-2018 23:00,06-Jun-2018 07:08,488.083129783471,0.0,0.0,0
07-Jun-2018 01:43,07-Jun-2018 09:36,472.501683849096,0.0,0.0,0
07-Jun-2018 23:44,08-Jun-2018 07:00,435.61866213282,0.0,0.0,0
09-Jun-2018 00:00,09-Jun-2018 08:53,533.4,0.0,0.0,0
09-Jun-2018 08:53,09-Jun-2018 08:53,0.133333333333333,0.0,0.0,0
10-Jun-2018 02:04,10-Jun-2018 09:29,445.579959700505,0.0,0.0,0
11-Jun-2018 00:45,11-Jun-2018 09:01,496.2,0.0,0.0,0
12-Jun-2018 01:11,12-Jun-2018 07:08,356.333333333333,0.0,0.0,0
12-Jun-2018 23:48,13-Jun-2018 07:03,435.547993600368,0.0,0.0,0
14-Jun-2018 00:07,14-Jun-2018 07:03,415.584027983745,0.0,0.0,0
15-Jun-2018 00:34,15-Jun-2018 10:03,568.333333333333,0.0,0.0,0
16-Jun-2018 02:40,16-Jun-2018 11:33,533.088784317176,0.0,0.0,0
17-Jun-2018 02:30,17-Jun-2018 10:25,475.523905559381,0.0,0.0,0
18-Jun-2018 01:10,18-Jun-2018 07:00,350.086663216352,0.0,0.0,0
19-Jun-2018 00:30,19-Jun-2018 07:27,417.254804917177,0.0,0.0,0
19-Jun-2018 23:24,20-Jun-2018 07:49,504.566891533136,0.0,0.0,0
21-Jun-2018 00:05,21-Jun-2018 06:57,412.307364966472,0.0,0.0,0
22-Jun-2018 00:59,22-Jun-2018 08:41,462.2,0.0,0.0,0
22-Jun-2018 08:47,22-Jun-2018 08:47,0.666666666666667,0.0,0.0,0
22-Jun-2018 09:24,22-Jun-2018 09:27,3.39343548417091,0.0,0.0,0
23-Jun-2018 02:07,23-Jun-2018 10:00,472.408820366859,0.0,0.0,0
24-Jun-2018 01:15,24-Jun-2018 09:26,491.6,0.0,0.0,0
24-Jun-2018 09:27,24-Jun-2018 09:27,0.8,0.0,0.0,0
24-Jun-2018 09:27,24-Jun-2018 09:30,2.43366448283196,0.0,0.0,0
25-Jun-2018 00:02,25-Jun-2018 07:00,418.093616276979,0.0,0.0,0
26-Jun-2018 00:00,26-Jun-2018 06:41,401.443029767275,0.0,0.0,0
27-Jun-2018 01:06,27-Jun-2018 10:03,536.730842250586,0.0,0.0,0
28-Jun-2018 01:06,28-Jun-2018 08:03,417.444641158978,0.0,0.0,0
29-Jun-2018 09:52,29-Jun-2018 10:00,8.03708584904671,0.0,0.0,0
30-Jun-2018 01:45,30-Jun-2018 09:15,449.933333333333,0.0,0.0,0
30-Jun-2018 09:21,30-Jun-2018 09:49,28.7333333333333,0.0,0.0,0
30-Jun-2018 09:51,30-Jun-2018 09:53,2.13333333333333,0.0,0.0,0
30-Jun-2018 09:53,30-Jun-2018 10:00,6.98262923359871,0.0,0.0,0
01-Jul-2018 02:00,01-Jul-2018 03:28,88.9333333333333,0.0,0.0,0
01-Jul-2018 03:30,01-Jul-2018 10:47,437.049319783847,0.0,0.0,0
02-Jul-2018 23:43,03-Jul-2018 04:34,291.219527482986,0.0,0.0,0
03-Jul-2018 23:34,04-Jul-2018 08:40,545.139172999064,0.0,0.0,0
05-Jul-2018 00:15,05-Jul-2018 08:59,524.2,0.0,0.0,0
05-Jul-2018 09:06,05-Jul-2018 09:06,0.133333333333333,0.0,0.0,0
05-Jul-2018 09:12,05-Jul-2018 09:13,1.06666666666667,0.0,0.0,0
05-Jul-2018 09:16,05-Jul-2018 09:17,1.0,0.0,0.0,0
05-Jul-2018 09:18,05-Jul-2018 09:19,0.266666666666667,0.0,0.0,0
05-Jul-2018 09:19,05-Jul-2018 09:20,0.666666666666667,0.0,0.0,0
05-Jul-2018 09:20,05-Jul-2018 09:20,0.133333333333333,0.0,0.0,0
05-Jul-2018 09:24,05-Jul-2018 09:24,0.0666666666666667,0.0,0.0,0
05-Jul-2018 09:30,05-Jul-2018 09:30,0.0394833167394002,0.0,0.0,0
06-Jul-2018 00:35,06-Jul-2018 09:18,522.699818249543,0.0,0.0,0
06-Jul-2018 23:30,07-Jul-2018 09:30,599.634025500218,0.0,0.0,0
08-Jul-2018 00:20,08-Jul-2018 07:45,445.866666666667,0.0,0.0,0
08-Jul-2018 07:47,08-Jul-2018 09:18,91.0666666666667,0.0,0.0,0
08-Jul-2018 09:26,08-Jul-2018 10:12,45.9001492341359,0.0,0.0,0
09-Jul-2018 01:00,09-Jul-2018 10:01,540.771847216288,0.0,0.0,0
10-Jul-2018 02:18,10-Jul-2018 08:25,367.533333333333,0.0,0.0,0
10-Jul-2018 08:28,10-Jul-2018 08:31,3.4,0.0,0.0,0
10-Jul-2018 08:32,10-Jul-2018 08:32,0.0666666666666667,0.0,0.0,0
10-Jul-2018 08:33,10-Jul-2018 08:44,10.6,0.0,0.0,0
10-Jul-2018 08:45,10-Jul-2018 08:45,0.0618279159069061,0.0,0.0,0
11-Jul-2018 00:30,11-Jul-2018 09:30,540.13412839969,0.0,0.0,0
12-Jul-2018 01:01,12-Jul-2018 10:45,584.299239166578,0.0,0.0,0
13-Jul-2018 01:10,13-Jul-2018 08:21,431.472306050857,0.0,0.0,0
13-Jul-2018 08:45,13-Jul-2018 11:45,180.0,0.0,0.0,0
14-Jul-2018 02:23,14-Jul-2018 10:04,461.119862733285,0.0,0.0,0
15-Jul-2018 03:15,15-Jul-2018 11:21,486.213108650843,0.0,0.0,0
16-Jul-2018 03:06,16-Jul-2018 09:53,407.09178254803,0.0,0.0,0
16-Jul-2018 10:00,16-Jul-2018 10:00,0.0515463173389435,0.0,0.0,0
17-Jul-2018 02:07,17-Jul-2018 11:05,538.67932831645,0.0,0.0,0
18-Jul-2018 02:00,18-Jul-2018 10:32,512.847715866566,0.0,0.0,0
19-Jul-2018 01:00,19-Jul-2018 10:37,577.664079016447,0.0,0.0,0
20-Jul-2018 01:17,20-Jul-2018 10:10,533.156050107876,0.0,0.0,0
21-Jul-2018 02:00,21-Jul-2018 11:30,570.897394917409,0.0,0.0,0
22-Jul-2018 03:00,22-Jul-2018 10:58,478.4,0.0,0.0,0
22-Jul-2018 10:58,22-Jul-2018 10:58,0.133333333333333,0.0,0.0,0
23-Jul-2018 02:30,23-Jul-2018 11:24,534.336099716028,0.0,0.0,0
24-Jul-2018 10:11,24-Jul-2018 11:40,89.1086442331473,0.0,0.0,0
25-Jul-2018 02:10,25-Jul-2018 11:11,541.366067334016,0.0,0.0,0
26-Jul-2018 02:15,26-Jul-2018 11:11,536.2,0.0,0.0,0
26-Jul-2018 11:11,26-Jul-2018 11:13,1.2,0.0,0.0,0
27-Jul-2018 07:59,27-Jul-2018 10:26,146.8,0.0,0.0,0
27-Jul-2018 10:47,27-Jul-2018 10:47,0.133333333333333,0.0,0.0,0
27-Jul-2018 10:50,27-Jul-2018 11:20,30.5716063996156,0.0,0.0,0
28-Jul-2018 02:50,28-Jul-2018 12:03,553.640319883823,0.0,0.0,0
29-Jul-2018 00:46,29-Jul-2018 08:00,433.785023850203,0.0,0.0,0
30-Jul-2018 04:11,30-Jul-2018 12:19,487.365594249964,0.0,0.0,0
31-Jul-2018 03:01,31-Jul-2018 11:21,499.866666666667,0.0,0.0,0
01-Aug-2018 03:00,01-Aug-2018 06:02,182.666666666667,0.0,0.0,0
01-Aug-2018 06:02,01-Aug-2018 06:02,0.0666666666666667,0.0,0.0,0
01-Aug-2018 06:03,01-Aug-2018 06:15,12.0666666666667,0.0,0.0,0
01-Aug-2018 06:15,01-Aug-2018 11:56,341.446822100878,0.0,0.0,0
02-Aug-2018 04:10,02-Aug-2018 11:51,461.533333333333,0.0,0.0,0
02-Aug-2018 11:51,02-Aug-2018 11:52,0.6,0.0,0.0,0
02-Aug-2018 11:52,02-Aug-2018 11:52,0.0666666666666667,0.0,0.0,0
02-Aug-2018 11:53,02-Aug-2018 12:01,8.46666666666667,0.0,0.0,0
02-Aug-2018 12:04,02-Aug-2018 12:08,3.4,0.0,0.0,0
03-Aug-2018 02:30,03-Aug-2018 10:30,480.933333333333,0.0,0.0,0
04-Aug-2018 03:08,04-Aug-2018 10:01,413.133333333333,0.0,0.0,0
04-Aug-2018 10:07,04-Aug-2018 10:12,5.26666666666667,0.0,0.0,0
04-Aug-2018 10:26,04-Aug-2018 10:30,4.07228348255157,0.0,0.0,0
05-Aug-2018 04:30,05-Aug-2018 11:41,431.733333333333,0.0,0.0,0
05-Aug-2018 11:43,05-Aug-2018 11:43,0.2,0.0,0.0,0
05-Aug-2018 11:44,05-Aug-2018 11:51,6.86666666666667,0.0,0.0,0
05-Aug-2018 11:52,05-Aug-2018 12:04,11.7333333333333,0.0,0.0,0
05-Aug-2018 12:21,05-Aug-2018 12:21,0.466666666666667,0.0,0.0,0
06-Aug-2018 00:31,06-Aug-2018 08:03,452.120509332418,0.0,0.0,0
07-Aug-2018 00:37,07-Aug-2018 07:51,433.717778199911,0.0,0.0,0
08-Aug-2018 00:30,08-Aug-2018 07:57,447.198421049118,0.0,0.0,0
09-Aug-2018 00:36,09-Aug-2018 07:43,426.719873050849,0.0,0.0,0
10-Aug-2018 00:30,10-Aug-2018 08:16,466.277716533343,0.0,0.0,0
11-Aug-2018 01:30,11-Aug-2018 10:15,525.2,0.0,0.0,0
11-Aug-2018 10:27,11-Aug-2018 10:27,0.4,0.0,0.0,0
11-Aug-2018 10:27,11-Aug-2018 10:30,2.1354405661424,0.0,0.0,0
12-Aug-2018 01:33,12-Aug-2018 10:04,510.333333333333,0.0,0.0,0
12-Aug-2018 10:04,12-Aug-2018 10:04,0.4,0.0,0.0,0
12-Aug-2018 10:10,12-Aug-2018 10:10,0.0666666666666667,0.0,0.0,0
12-Aug-2018 10:33,12-Aug-2018 10:34,1.73333333333333,0.0,0.0,0
12-Aug-2018 10:36,12-Aug-2018 10:38,2.26666666666667,0.0,0.0,0
12-Aug-2018 10:55,12-Aug-2018 10:58,2.33333333333333,0.0,0.0,0
12-Aug-2018 10:59,12-Aug-2018 11:05,5.06666666666667,0.0,0.0,0
12-Aug-2018 11:07,12-Aug-2018 11:08,1.06666666666667,0.0,0.0,0
12-Aug-2018 11:09,12-Aug-2018 11:30,20.6695527493954,0.0,0.0,0
13-Aug-2018 05:59,13-Aug-2018 11:45,345.773130933444,0.0,0.0,0
14-Aug-2018 08:23,14-Aug-2018 11:31,188.533333333333,0.0,0.0,0
15-Aug-2018 01:24,15-Aug-2018 08:53,449.066666666667,0.0,0.0,0
15-Aug-2018 08:54,15-Aug-2018 08:56,1.5599603831768,0.0,0.0,0
16-Aug-2018 03:12,16-Aug-2018 11:39,507.666666666667,0.0,0.0,0
17-Aug-2018 08:28,17-Aug-2018 08:31,3.2,0.0,0.0,0
18-Aug-2018 00:30,18-Aug-2018 09:12,522.457892266909,0.0,0.0,0
19-Aug-2018 02:55,19-Aug-2018 10:50,475.933333333333,0.0,0.0,0
20-Aug-2018 10:13,20-Aug-2018 10:50,36.7501477499803,0.0,0.0,0
21-Aug-2018 02:12,21-Aug-2018 11:10,538.263154900074,0.0,0.0,0
22-Aug-2018 01:51,22-Aug-2018 10:48,536.333333333333,0.0,0.0,0
23-Aug-2018 01:21,23-Aug-2018 08:40,439.170495116711,0.0,0.0,0
24-Aug-2018 01:31,24-Aug-2018 09:48,496.333333333333,0.0,0.0,0
24-Aug-2018 09:49,24-Aug-2018 09:51,1.80569246610006,0.0,0.0,0
25-Aug-2018 03:08,25-Aug-2018 11:24,496.11644979914,0.0,0.0,0
27-Aug-2018 01:51,27-Aug-2018 07:55,363.207939932744,0.0,0.0,0
28-Aug-2018 00:16,28-Aug-2018 07:56,459.933333333333,0.0,0.0,0
28-Aug-2018 07:57,28-Aug-2018 08:03,6.4534193833669,0.0,0.0,0
29-Aug-2018 01:41,29-Aug-2018 08:00,379.352862749497,0.0,0.0,0
30-Aug-2018 00:53,30-Aug-2018 08:01,427.49933941563,0.0,0.0,0
31-Aug-2018 00:20,31-Aug-2018 08:08,468.984375466903,0.0,0.0,0
01-Sep-2018 02:10,01-Sep-2018 10:34,504.955961199602,0.0,0.0,0
02-Sep-2018 02:10,02-Sep-2018 11:35,565.720979833603,0.0,0.0,0
03-Sep-2018 02:50,03-Sep-2018 11:17,507.733333333333,0.0,0.0,0
03-Sep-2018 11:35,03-Sep-2018 11:35,0.0845830500125885,0.0,0.0,0
04-Sep-2018 03:10,04-Sep-2018 09:31,381.4,0.0,0.0,0
04-Sep-2018 09:48,04-Sep-2018 10:07,18.0666666666667,0.0,0.0,0
04-Sep-2018 10:07,04-Sep-2018 10:13,5.6,0.0,0.0,0
04-Sep-2018 10:20,04-Sep-2018 10:33,12.4666666666667,0.0,0.0,0
04-Sep-2018 10:39,04-Sep-2018 10:43,3.66666666666667,0.0,0.0,0
04-Sep-2018 10:45,04-Sep-2018 10:56,11.2666666666667,0.0,0.0,0
04-Sep-2018 10:58,04-Sep-2018 11:04,5.86666666666667,0.0,0.0,0
05-Sep-2018 23:13,06-Sep-2018 06:53,460.466666666667,0.0,0.0,0
06-Sep-2018 06:54,06-Sep-2018 06:54,0.0666666666666667,0.0,0.0,0
06-Sep-2018 06:55,06-Sep-2018 07:05,10.1187940498193,0.0,0.0,0
06-Sep-2018 23:09,07-Sep-2018 06:54,464.4,0.0,0.0,0
07-Sep-2018 06:56,07-Sep-2018 07:01,5.69432855049769,0.0,0.0,0
08-Sep-2018 01:01,08-Sep-2018 01:47,46.4666666666667,0.0,0.0,0
08-Sep-2018 02:01,08-Sep-2018 11:56,594.773012365897,0.0,0.0,0
09-Sep-2018 01:30,09-Sep-2018 09:39,489.873012417555,0.0,0.0,0
10-Sep-2018 10:44,10-Sep-2018 10:47,3.06666666666667,0.0,0.0,0
10-Sep-2018 10:49,10-Sep-2018 10:50,1.26666666666667,0.0,0.0,0
10-Sep-2018 10:54,10-Sep-2018 11:00,5.57406463424365,0.0,0.0,0
11-Sep-2018 00:13,11-Sep-2018 08:02,469.145793126027,0.0,0.0,0
11-Sep-2018 08:11,11-Sep-2018 08:26,15.0666666666667,0.0,0.0,0
11-Sep-2018 08:37,11-Sep-2018 08:38,0.733333333333333,0.0,0.0,0
11-Sep-2018 08:48,11-Sep-2018 09:01,12.4666666666667,0.0,0.0,0
11-Sep-2018 09:02,11-Sep-2018 09:07,4.86666666666667,0.0,0.0,0
11-Sep-2018 09:11,11-Sep-2018 09:16,5.05052714943886,0.0,0.0,0
11-Sep-2018 22:47,12-Sep-2018 06:45,478.187366950512,0.0,0.0,0
12-Sep-2018 23:52,13-Sep-2018 06:59,427.390057629347,0.0,0.0,0
14-Sep-2018 00:34,14-Sep-2018 06:57,382.6,0.0,0.0,0
14-Sep-2018 06:57,14-Sep-2018 07:04,6.93333333333333,0.0,0.0,0
15-Sep-2018 00:30,15-Sep-2018 08:21,471.266666666667,0.0,0.0,0
15-Sep-2018 08:24,15-Sep-2018 08:31,7.26666666666667,0.0,0.0,0
15-Sep-2018 08:37,15-Sep-2018 08:55,18.4,0.0,0.0,0
15-Sep-2018 08:59,15-Sep-2018 08:59,0.0666666666666667,0.0,0.0,0
15-Sep-2018 08:59,15-Sep-2018 09:00,0.466213534275691,0.0,0.0,0
16-Sep-2018 00:32,16-Sep-2018 09:00,507.794786882401,0.0,0.0,0
17-Sep-2018 00:50,17-Sep-2018 06:52,362.466666666667,0.0,0.0,0
17-Sep-2018 06:54,17-Sep-2018 07:02,7.55170674920082,0.0,0.0,0
17-Sep-2018 23:50,18-Sep-2018 06:52,421.983169029156,0.0,0.0,0
18-Sep-2018 06:53,18-Sep-2018 06:53,0.133333333333333,0.0,0.0,0
18-Sep-2018 06:54,18-Sep-2018 06:56,2.4,0.0,0.0,0
18-Sep-2018 06:59,18-Sep-2018 07:00,1.78804949919383,0.0,0.0,0
19-Sep-2018 02:45,19-Sep-2018 08:29,343.4,0.0,0.0,0
19-Sep-2018 08:30,19-Sep-2018 10:02,92.3333333333333,0.0,0.0,0
19-Sep-2018 10:49,19-Sep-2018 10:55,6.8,0.0,0.0,0
19-Sep-2018 10:57,19-Sep-2018 11:00,2.93158765037855,0.0,0.0,0
20-Sep-2018 00:40,20-Sep-2018 07:00,380.213215299447,0.0,0.0,0
21-Sep-2018 02:03,21-Sep-2018 07:01,297.135256749392,0.0,0.0,0
22-Sep-2018 01:00,22-Sep-2018 09:09,489.666666666667,0.0,0.0,0
22-Sep-2018 09:09,22-Sep-2018 09:30,20.2716524998347,0.0,0.0,0
23-Sep-2018 01:30,23-Sep-2018 09:01,451.333333333333,0.0,0.0,0
23-Sep-2018 09:02,23-Sep-2018 09:07,5.46666666666667,0.0,0.0,0
23-Sep-2018 09:07,23-Sep-2018 09:22,14.8,0.0,0.0,0
23-Sep-2018 09:22,23-Sep-2018 09:25,3.0,0.0,0.0,0
23-Sep-2018 09:26,23-Sep-2018 09:27,0.6,0.0,0.0,0
24-Sep-2018 00:47,24-Sep-2018 06:52,364.133333333333,0.0,0.0,0
24-Sep-2018 06:54,24-Sep-2018 06:59,5.26666666666667,0.0,0.0,0
25-Sep-2018 00:56,25-Sep-2018 07:00,364.022315271695,0.0,0.0,0
26-Sep-2018 00:45,26-Sep-2018 07:00,375.023141517242,0.0,0.0,0
26-Sep-2018 23:40,27-Sep-2018 07:09,449.435349082947,0.0,0.0,0
28-Sep-2018 00:15,28-Sep-2018 06:48,393.309461466471,0.0,0.0,0
29-Sep-2018 00:15,29-Sep-2018 06:25,370.404729866981,0.0,0.0,0
29-Sep-2018 08:04,29-Sep-2018 09:16,72.4316045542558,0.0,0.0,0
29-Sep-2018 22:09,30-Sep-2018 07:25,555.908952196439,0.0,0.0,0
30-Sep-2018 23:15,01-Oct-2018 06:52,457.852922415733,0.0,0.0,0
02-Oct-2018 00:25,02-Oct-2018 06:45,380.283145550887,0.0,0.0,0
02-Oct-2018 23:55,03-Oct-2018 06:54,419.702292416493,0.0,0.0,0
03-Oct-2018 23:45,04-Oct-2018 06:46,421.582482399543,0.0,0.0,0
04-Oct-2018 23:38,05-Oct-2018 06:45,426.761596783002,0.0,0.0,0
06-Oct-2018 06:49,06-Oct-2018 08:44,114.919599455595,0.0,0.0,0
07-Oct-2018 10:18,07-Oct-2018 10:50,31.1479035000006,0.0,0.0,0
09-Oct-2018 03:04,09-Oct-2018 06:20,195.935900497437,0.0,0.0,0
10-Oct-2018 00:11,10-Oct-2018 06:59,408.245417567094,0.0,0.0,0
11-Oct-2018 00:30,11-Oct-2018 07:00,390.454067466656,0.0,0.0,0
12-Oct-2018 01:10,12-Oct-2018 07:00,350.676893250147,0.0,0.0,0
13-Oct-2018 02:00,13-Oct-2018 10:00,480.064141249657,0.0,0.0,0
13-Oct-2018 23:51,14-Oct-2018 07:35,464.171113632123,0.0,0.0,0
14-Oct-2018 23:15,15-Oct-2018 07:00,465.873654367526,0.0,0.0,0
15-Oct-2018 23:27,16-Oct-2018 07:02,455.233595842123,0.0,0.0,0
16-Oct-2018 23:31,17-Oct-2018 07:00,448.285992034276,0.0,0.0,0
17-Oct-2018 23:45,18-Oct-2018 07:04,438.206022500992,0.0,0.0,0
18-Oct-2018 23:22,19-Oct-2018 07:07,465.30707556804,0.0,0.0,0
21-Oct-2018 10:05,21-Oct-2018 11:30,84.1720887939135,0.0,0.0,0
22-Oct-2018 00:20,22-Oct-2018 07:06,406.131427584092,0.0,0.0,0
22-Oct-2018 23:50,23-Oct-2018 07:02,432.178508100907,0.0,0.0,0
24-Oct-2018 01:19,24-Oct-2018 06:31,311.34453218778,0.0,0.0,0
26-Oct-2018 00:00,26-Oct-2018 07:00,420.135128267606,0.0,0.0,0
27-Oct-2018 06:56,27-Oct-2018 10:45,229.100332862139,0.0,0.0,0
27-Oct-2018 10:48,27-Oct-2018 10:50,1.93333333333333,0.0,0.0,0
27-Oct-2018 10:50,27-Oct-2018 11:00,9.78595946629842,0.0,0.0,0
28-Oct-2018 02:53,28-Oct-2018 10:45,471.49368236661,0.0,0.0,0
29-Oct-2018 01:10,29-Oct-2018 07:09,359.301798715194,0.0,0.0,0
29-Oct-2018 07:10,29-Oct-2018 07:11,1.66666666666667,0.0,0.0,0
30-Oct-2018 04:08,30-Oct-2018 07:09,181.113631284237,0.0,0.0,0
30-Oct-2018 23:30,31-Oct-2018 07:01,451.732311499119,0.0,0.0,0
31-Oct-2018 23:30,01-Nov-2018 07:05,455.291956305504,0.0,0.0,0
01-Nov-2018 23:35,02-Nov-2018 07:04,449.301378621658,0.0,0.0,0
02-Nov-2018 23:44,03-Nov-2018 07:02,437.586612049739,0.0,0.0,0
06-Nov-2018 07:41,06-Nov-2018 08:25,43.9348801334699,0.0,0.0,0
07-Nov-2018 07:51,07-Nov-2018 08:23,32.0,0.0,0.0,0
07-Nov-2018 23:07,08-Nov-2018 07:00,472.405844308933,0.0,0.0,0
08-Nov-2018 23:00,09-Nov-2018 07:00,480.949830683072,0.0,0.0,0
10-Nov-2018 01:00,10-Nov-2018 09:38,518.666666666667,0.0,0.0,0
11-Nov-2018 08:16,11-Nov-2018 09:45,88.2666666666667,0.0,0.0,0
11-Nov-2018 09:49,11-Nov-2018 10:00,11.0580058495204,0.0,0.0,0
12-Nov-2018 01:04,12-Nov-2018 10:00,536.317379234235,0.0,0.0,0
12-Nov-2018 23:48,13-Nov-2018 07:04,436.113613607486,0.0,0.0,0
13-Nov-2018 23:15,14-Nov-2018 07:00,465.230087337891,0.0,0.0,0
14-Nov-2018 23:25,15-Nov-2018 07:01,455.55075122714,0.0,0.0,0
16-Nov-2018 00:26,16-Nov-2018 07:05,399.027518135309,0.0,0.0,0
17-Nov-2018 01:00,17-Nov-2018 10:08,548.313188383977,0.0,0.0,0
18-Nov-2018 01:00,18-Nov-2018 10:01,541.299519966046,0.0,0.0,0
19-Nov-2018 00:31,19-Nov-2018 07:04,393.89985448122,0.0,0.0,0
20-Nov-2018 00:06,20-Nov-2018 07:00,413.640438679854,0.0,0.0,0
21-Nov-2018 00:20,21-Nov-2018 06:34,374.902329200506,0.0,0.0,0
22-Nov-2018 09:50,22-Nov-2018 10:45,54.7424483001232,0.0,0.0,0
23-Nov-2018 00:45,23-Nov-2018 09:47,542.2456237336,0.0,0.0,0
24-Nov-2018 02:00,24-Nov-2018 10:01,481.183875882626,0.0,0.0,0
25-Nov-2018 02:09,25-Nov-2018 09:35,446.333333333333,0.0,0.0,0
25-Nov-2018 09:35,25-Nov-2018 10:07,31.5936622341474,0.0,0.0,0
25-Nov-2018 23:14,26-Nov-2018 07:00,466.281065247456,0.0,0.0,0
27-Nov-2018 00:39,27-Nov-2018 07:00,381.463905469577,0.0,0.0,0
27-Nov-2018 23:00,28-Nov-2018 07:29,508.980801486969,0.0,0.0,0
28-Nov-2018 07:29,28-Nov-2018 07:31,1.93843641678492,0.0,0.0,0
30-Nov-2018 00:15,30-Nov-2018 07:01,406.213415775696,0.0,0.0,0
02-Dec-2018 23:43,03-Dec-2018 07:01,438.659527160724,0.0,0.0,0
05-Dec-2018 23:54,06-Dec-2018 04:08,254.2,0.0,0.0,0
06-Dec-2018 04:09,06-Dec-2018 07:05,176.576307533185,0.0,0.0,0
06-Dec-2018 23:50,07-Dec-2018 07:00,429.811075450977,0.0,0.0,0
10-Dec-2018 00:24,10-Dec-2018 07:03,398.847375359138,0.0,0.0,0
11-Dec-2018 07:10,11-Dec-2018 07:11,0.13893605073293,0.0,0.0,0
12-Dec-2018 01:47,12-Dec-2018 07:05,318.385578217109,0.0,0.0,0
12-Dec-2018 23:37,13-Dec-2018 07:03,446.143388408422,0.0,0.0,0
14-Dec-2018 01:49,14-Dec-2018 07:06,317.430083872875,0.0,0.0,0
15-Dec-2018 07:14,15-Dec-2018 08:22,67.8901476840178,0.0,0.0,0
16-Dec-2018 00:30,16-Dec-2018 09:30,540.554878133535,0.0,0.0,0
17-Dec-2018 05:18,17-Dec-2018 07:07,108.731030277411,0.0,0.0,0
18-Dec-2018 00:17,18-Dec-2018 07:04,407.114473017057,0.0,0.0,0
18-Dec-2018 23:50,19-Dec-2018 07:06,435.756450730562,0.0,0.0,0
20-Dec-2018 00:43,20-Dec-2018 06:53,370.042339698474,0.0,0.0,0
20-Dec-2018 23:09,21-Dec-2018 06:27,438.427066236734,0.0,0.0,0
28-Dec-2018 05:16,28-Dec-2018 08:01,164.289074953397,0.0,0.0,0
29-Dec-2018 06:58,29-Dec-2018 12:21,322.915442299843,0.0,0.0,0
01-Jan-2019 01:51,01-Jan-2019 10:00,488.183262918393,0.0,0.0,0
01-Jan-2019 23:42,02-Jan-2019 07:00,437.497927051783,0.0,0.0,0
03-Jan-2019 00:36,03-Jan-2019 06:58,382.1674561282,0.0,0.0,0
03-Jan-2019 06:58,03-Jan-2019 07:00,1.35191144943237,0.0,0.0,0
04-Jan-2019 01:02,04-Jan-2019 07:00,357.90709895889,0.0,0.0,0
05-Jan-2019 01:55,05-Jan-2019 09:27,451.96324531436,0.0,0.0,0
07-Jan-2019 01:39,07-Jan-2019 06:44,304.945965655645,0.0,0.0,0
07-Jan-2019 23:25,08-Jan-2019 07:02,456.585186050336,0.0,0.0,0
08-Jan-2019 23:00,09-Jan-2019 06:44,464.453402950366,0.0,0.0,0
09-Jan-2019 23:37,10-Jan-2019 06:58,440.580905765295,0.0,0.0,0
11-Jan-2019 04:51,11-Jan-2019 06:57,125.916932757696,0.0,0.0,0
12-Jan-2019 08:23,12-Jan-2019 08:23,0.120506250858307,0.0,0.0,0
13-Jan-2019 00:13,13-Jan-2019 06:50,396.824678828319,0.0,0.0,0
14-Jan-2019 00:47,14-Jan-2019 07:03,376.581933120887,0.0,0.0,0
14-Jan-2019 23:20,15-Jan-2019 06:21,421.062436302503,0.0,0.0,0
16-Jan-2019 01:28,16-Jan-2019 06:52,324.410997049014,0.0,0.0,0
16-Jan-2019 06:54,16-Jan-2019 07:00,5.98004410068194,0.0,0.0,0
16-Jan-2019 23:38,17-Jan-2019 06:50,431.250599509478,0.0,0.0,0
18-Jan-2019 01:02,18-Jan-2019 06:58,355.650024286906,0.0,0.0,0
23-Jan-2019 00:44,23-Jan-2019 06:49,365.416842494408,0.0,0.0,0
24-Jan-2019 00:21,24-Jan-2019 07:03,401.830885807673,0.0,0.0,0
24-Jan-2019 23:57,25-Jan-2019 06:59,422.137293334802,0.0,0.0,0
28-Jan-2019 07:02,28-Jan-2019 10:00,178.433348478874,0.0,0.0,0
29-Jan-2019 00:15,29-Jan-2019 07:00,405.119261453549,0.0,0.0,0
29-Jan-2019 23:32,30-Jan-2019 07:00,448.009715940555,0.0,0.0,0
30-Jan-2019 22:55,31-Jan-2019 07:05,490.188832916816,0.0,0.0,0
31-Jan-2019 23:49,01-Feb-2019 07:02,433.740135566394,0.0,0.0,0
01-Feb-2019 23:30,02-Feb-2019 09:01,571.987810466687,0.0,0.0,0
03-Feb-2019 02:00,03-Feb-2019 10:23,503.808072449764,0.0,0.0,0
03-Feb-2019 23:29,04-Feb-2019 07:02,452.753985112906,0.0,0.0,0
05-Feb-2019 01:37,05-Feb-2019 08:30,412.43006512324,0.0,0.0,0
05-Feb-2019 22:57,06-Feb-2019 07:03,486.268070183198,0.0,0.0,0
06-Feb-2019 23:54,07-Feb-2019 07:05,431.048945242166,0.0,0.0,0
08-Feb-2019 00:29,08-Feb-2019 06:55,385.8099411726,0.0,0.0,0
11-Feb-2019 01:13,11-Feb-2019 07:02,349.119181867441,0.0,0.0,0
12-Feb-2019 00:11,12-Feb-2019 06:58,406.610849012931,0.0,0.0,0
12-Feb-2019 23:25,13-Feb-2019 07:05,459.522037557761,0.0,0.0,0
13-Feb-2019 23:50,14-Feb-2019 06:55,424.588120615482,0.0,0.0,0
14-Feb-2019 23:17,15-Feb-2019 06:56,459.34045325915,0.0,0.0,0
17-Feb-2019 08:42,17-Feb-2019 10:01,79.4323421359062,0.0,0.0,0
18-Feb-2019 02:49,18-Feb-2019 09:39,409.577847393354,0.0,0.0,0
19-Feb-2019 01:30,19-Feb-2019 09:31,481.164002299309,0.0,0.0,0
20-Feb-2019 01:30,20-Feb-2019 09:31,481.65131054918,0.0,0.0,0
21-Feb-2019 01:38,21-Feb-2019 09:01,443.565248699983,0.0,0.0,0
22-Feb-2019 03:00,22-Feb-2019 07:57,297.866666666667,0.0,0.0,0
22-Feb-2019 07:57,22-Feb-2019 07:57,0.0666666666666667,0.0,0.0,0
22-Feb-2019 07:58,22-Feb-2019 09:31,93.6,0.0,0.0,0
22-Feb-2019 09:32,22-Feb-2019 09:44,12.2,0.0,0.0,0
22-Feb-2019 09:44,22-Feb-2019 10:30,46.0,0.0,0.0,0
22-Feb-2019 10:31,22-Feb-2019 10:32,0.866666666666667,0.0,0.0,0
22-Feb-2019 10:38,22-Feb-2019 11:00,22.0619893332322,0.0,0.0,0
23-Feb-2019 10:12,23-Feb-2019 10:12,0.466666666666667,0.0,0.0,0
24-Feb-2019 02:16,24-Feb-2019 05:55,218.866666666667,0.0,0.0,0
24-Feb-2019 23:55,25-Feb-2019 06:56,420.282912298044,0.0,0.0,0
25-Feb-2019 23:07,26-Feb-2019 07:02,475.816000606616,0.0,0.0,0
27-Feb-2019 00:15,27-Feb-2019 06:56,401.30443114241,0.0,0.0,0
28-Feb-2019 04:15,28-Feb-2019 06:58,163.073684151967,0.0,0.0,0
01-Mar-2019 06:19,01-Mar-2019 07:04,45.0666666666667,0.0,0.0,0
01-Mar-2019 23:45,02-Mar-2019 09:36,591.087819216649,0.0,0.0,0
03-Mar-2019 09:53,03-Mar-2019 10:03,10.3172562340895,0.0,0.0,0
04-Mar-2019 01:30,04-Mar-2019 11:16,586.933139000336,0.0,0.0,0
05-Mar-2019 08:25,05-Mar-2019 10:00,94.4713468074799,0.0,0.0,0
06-Mar-2019 01:14,06-Mar-2019 06:58,344.821621014675,0.0,0.0,0
07-Mar-2019 00:27,07-Mar-2019 07:05,398.214675760269,0.0,0.0,0
07-Mar-2019 23:47,08-Mar-2019 06:59,431.875731758277,0.0,0.0,0
09-Mar-2019 00:25,09-Mar-2019 10:00,575.049364084005,0.0,0.0,0
10-Mar-2019 00:32,10-Mar-2019 10:05,512.948329800367,0.0,0.0,0
11-Mar-2019 00:52,11-Mar-2019 07:00,368.36033616662,0.0,0.0,0
12-Mar-2019 00:04,12-Mar-2019 06:59,415.122793016831,0.0,0.0,0
13-Mar-2019 00:15,13-Mar-2019 07:05,409.834578617414,0.0,0.0,0
13-Mar-2019 23:55,14-Mar-2019 07:01,426.011270550887,0.0,0.0,0
15-Mar-2019 00:03,15-Mar-2019 07:04,420.621245632569,0.0,0.0,0
16-Mar-2019 01:00,16-Mar-2019 10:01,541.932671449582,0.0,0.0,0
17-Mar-2019 01:55,17-Mar-2019 10:00,484.740942682823,0.0,0.0,0
18-Mar-2019 00:55,18-Mar-2019 06:59,363.550033466021,0.0,0.0,0
18-Mar-2019 23:43,19-Mar-2019 07:06,443.169115716219,0.0,0.0,0
20-Mar-2019 01:50,20-Mar-2019 07:05,315.206436216831,0.0,0.0,0
20-Mar-2019 23:32,21-Mar-2019 06:46,433.581735465924,0.0,0.0,0
21-Mar-2019 23:32,22-Mar-2019 06:58,446.648575838407,0.0,0.0,0
23-Mar-2019 09:09,23-Mar-2019 10:44,95.260882383585,0.0,0.0,0
25-Mar-2019 00:36,25-Mar-2019 07:00,383.477748302619,0.0,0.0,0
25-Mar-2019 22:55,26-Mar-2019 02:06,191.466666666667,0.0,0.0,0
26-Mar-2019 02:11,26-Mar-2019 07:00,288.647580216328,0.0,0.0,0
26-Mar-2019 22:55,27-Mar-2019 07:08,493.613498816888,0.0,0.0,0
27-Mar-2019 22:55,28-Mar-2019 06:55,480.114829550187,0.0,0.0,0
28-Mar-2019 22:58,29-Mar-2019 06:56,477.695105661949,0.0,0.0,0
31-Mar-2019 00:00,31-Mar-2019 08:10,490.836669733127,0.0,0.0,0
31-Mar-2019 23:59,01-Apr-2019 06:57,417.654267450174,0.0,0.0,0
01-Apr-2019 23:06,02-Apr-2019 06:55,468.8307317396,0.0,0.0,0
02-Apr-2019 22:55,03-Apr-2019 07:01,486.369463900725,0.0,0.0,0
03-Apr-2019 23:10,04-Apr-2019 06:15,424.2,0.0,0.0,0
04-Apr-2019 06:15,04-Apr-2019 06:17,2.33333333333333,0.0,0.0,0
04-Apr-2019 06:22,04-Apr-2019 06:22,0.0666666666666667,0.0,0.0,0
04-Apr-2019 06:25,04-Apr-2019 06:54,29.2666666666667,0.0,0.0,0
04-Apr-2019 06:54,04-Apr-2019 06:54,0.0666666666666667,0.0,0.0,0
04-Apr-2019 06:54,04-Apr-2019 06:55,0.166052349408468,0.0,0.0,0
04-Apr-2019 23:23,05-Apr-2019 06:56,453.247337400913,0.0,0.0,0
06-Apr-2019 00:00,06-Apr-2019 09:00,540.192379732927,0.0,0.0,0
07-Apr-2019 03:10,07-Apr-2019 10:45,455.928942233324,0.0,0.0,0
08-Apr-2019 23:30,09-Apr-2019 07:01,451.008302766085,0.0,0.0,0
09-Apr-2019 23:27,10-Apr-2019 07:00,452.636851815383,0.0,0.0,0
11-Apr-2019 00:36,11-Apr-2019 06:56,380.333333333333,0.0,0.0,0
11-Apr-2019 06:57,11-Apr-2019 07:05,8.03720056613286,0.0,0.0,0
11-Apr-2019 23:00,12-Apr-2019 06:57,476.761316450437,0.0,0.0,0
13-Apr-2019 00:13,13-Apr-2019 08:48,514.4,0.0,0.0,0
13-Apr-2019 08:50,13-Apr-2019 09:53,63.2101267158985,0.0,0.0,0
14-Apr-2019 09:58,14-Apr-2019 10:00,1.83832326730092,0.0,0.0,0
15-Apr-2019 00:13,15-Apr-2019 07:15,422.32691753308,0.0,0.0,0
15-Apr-2019 23:11,16-Apr-2019 07:10,478.771106499434,0.0,0.0,0
16-Apr-2019 23:12,17-Apr-2019 06:59,466.869260515769,0.0,0.0,0
18-Apr-2019 02:31,18-Apr-2019 07:03,272.786010585229,0.0,0.0,0
19-Apr-2019 01:21,19-Apr-2019 08:32,431.459600700935,0.0,0.0,0
29-Apr-2019 23:20,30-Apr-2019 07:05,464.31442438364,0.0,0.0,0
30-Apr-2019 22:55,01-May-2019 06:55,480.320946691434,0.0,0.0,0
01-May-2019 23:05,02-May-2019 07:08,482.29495566686,0.0,0.0,0
03-May-2019 01:50,03-May-2019 07:06,316.708556816975,0.0,0.0,0
04-May-2019 04:53,04-May-2019 08:26,213.365213096142,0.0,0.0,0
05-May-2019 01:00,05-May-2019 09:08,488.686115433772,0.0,0.0,0
06-May-2019 01:00,06-May-2019 06:59,359.162668766578,0.0,0.0,0
07-May-2019 00:55,07-May-2019 07:02,367.003709109624,0.0,0.0,0
07-May-2019 23:39,08-May-2019 06:55,435.376108332475,0.0,0.0,0
08-May-2019 22:55,09-May-2019 07:02,487.533333333333,0.0,0.0,0
09-May-2019 07:02,09-May-2019 07:02,0.0581448495388031,0.0,0.0,0
10-May-2019 02:14,10-May-2019 06:55,281.043597616752,0.0,0.0,0
11-May-2019 00:00,11-May-2019 08:38,518.110192682346,0.0,0.0,0
12-May-2019 08:02,12-May-2019 08:34,32.4598319490751,0.0,0.0,0
12-May-2019 23:58,13-May-2019 07:01,422.736102716128,0.0,0.0,0
13-May-2019 22:55,14-May-2019 06:55,480.327846999963,0.0,0.0,0
14-May-2019 23:56,15-May-2019 07:09,433.066666666667,0.0,0.0,0
15-May-2019 07:09,15-May-2019 07:09,0.0294093668460846,0.0,0.0,0
17-May-2019 01:05,17-May-2019 03:44,158.990268097321,0.0,0.0,0
17-May-2019 03:44,17-May-2019 03:44,0.2,0.0,0.0,0
17-May-2019 03:45,17-May-2019 06:55,189.614168000221,0.0,0.0,0
18-May-2019 01:30,18-May-2019 09:30,480.105830983321,0.0,0.0,0
19-May-2019 02:03,19-May-2019 08:31,387.6,0.0,0.0,0
19-May-2019 08:31,19-May-2019 08:32,0.133333333333333,0.0,0.0,0
19-May-2019 08:36,19-May-2019 09:30,53.771401532491,0.0,0.0,0
19-May-2019 23:48,20-May-2019 06:54,426.760573983192,0.0,0.0,0
21-May-2019 00:11,21-May-2019 06:54,402.734573576848,0.0,0.0,0
21-May-2019 06:55,21-May-2019 06:55,0.133333333333333,0.0,0.0,0
21-May-2019 07:00,21-May-2019 07:01,0.933333333333333,0.0,0.0,0
21-May-2019 07:03,21-May-2019 07:03,0.00493838389714559,0.0,0.0,0
21-May-2019 23:42,22-May-2019 06:49,427.325496850411,0.0,0.0,0
23-May-2019 00:38,23-May-2019 06:31,352.398888333639,0.0,0.0,0
23-May-2019 23:36,24-May-2019 06:41,425.047725550334,0.0,0.0,0
25-May-2019 02:27,25-May-2019 08:56,389.2,0.0,0.0,0
25-May-2019 08:57,25-May-2019 08:59,1.86666666666667,0.0,0.0,0
25-May-2019 09:06,25-May-2019 09:07,0.4,0.0,0.0,0
25-May-2019 09:07,25-May-2019 09:30,22.6407366673152,0.0,0.0,0
26-May-2019 06:04,26-May-2019 09:33,208.819236683846,0.0,0.0,0
27-May-2019 01:09,27-May-2019 08:20,431.360820049047,0.0,0.0,0
28-May-2019 23:24,29-May-2019 06:44,439.57289613088,0.0,0.0,0
30-May-2019 05:02,30-May-2019 06:40,97.3370509902636,0.0,0.0,0
30-May-2019 22:40,31-May-2019 06:50,490.496810682615,0.0,0.0,0
31-May-2019 23:50,01-Jun-2019 07:54,484.6,0.0,0.0,0
01-Jun-2019 07:55,01-Jun-2019 07:57,1.86666666666667,0.0,0.0,0
01-Jun-2019 22:30,02-Jun-2019 07:01,510.1762114803,0.0,0.0,0
03-Jun-2019 00:48,03-Jun-2019 06:46,358.24791568319,0.0,0.0,0
04-Jun-2019 00:56,04-Jun-2019 09:00,483.607985339562,0.0,0.0,0
05-Jun-2019 01:07,05-Jun-2019 06:11,303.276134417454,0.0,0.0,0
05-Jun-2019 21:35,06-Jun-2019 06:05,510.321581099431,0.0,0.0,0
06-Jun-2019 23:10,07-Jun-2019 06:36,446.2,0.0,0.0,0
07-Jun-2019 06:39,07-Jun-2019 06:39,0.0666666666666667,0.0,0.0,0
08-Jun-2019 07:32,08-Jun-2019 08:00,27.1818217674891,0.0,0.0,0
10-Jun-2019 00:17,10-Jun-2019 06:42,384.926020095746,0.0,0.0,0
11-Jun-2019 00:30,11-Jun-2019 09:03,513.667063550154,0.0,0.0,0
11-Jun-2019 23:03,12-Jun-2019 06:35,451.744017225504,0.0,0.0,0
12-Jun-2019 23:14,13-Jun-2019 06:15,420.769954301914,0.0,0.0,0
18-Jun-2019 00:00,18-Jun-2019 06:49,408.855132426818,0.0,0.0,0
18-Jun-2019 22:40,19-Jun-2019 06:53,493.553612667322,0.0,0.0,0
20-Jun-2019 07:41,20-Jun-2019 09:10,88.0615846772989,0.0,0.0,0
23-Jun-2019 23:34,24-Jun-2019 07:05,451.1348865966,0.0,0.0,0
24-Jun-2019 23:47,25-Jun-2019 07:54,486.864621607463,0.0,0.0,0
26-Jul-2019 08:05,26-Jul-2019 10:29,143.626296321551,0.0,0.0,0
27-Jul-2019 01:48,27-Jul-2019 08:28,399.826739492019,0.0,0.0,0
28-Jul-2019 01:59,28-Jul-2019 09:04,425.164886931578,0.0,0.0,0
29-Jul-2019 01:28,29-Jul-2019 08:50,441.992519090573,0.0,0.0,0
30-Jul-2019 01:30,30-Jul-2019 09:34,484.555159932375,0.0,0.0,0
31-Jul-2019 09:14,31-Jul-2019 11:35,140.897261631489,0.0,0.0,0
01-Aug-2019 02:10,01-Aug-2019 10:02,472.006719849507,0.0,0.0,0
02-Aug-2019 01:30,02-Aug-2019 09:34,484.80870013237,0.0,0.0,0
03-Aug-2019 02:46,03-Aug-2019 10:38,472.127962756157,0.0,0.0,0
04-Aug-2019 01:35,04-Aug-2019 10:37,542.058871567249,0.0,0.0,0
05-Aug-2019 01:46,05-Aug-2019 09:50,483.625604432821,0.0,0.0,0
06-Aug-2019 02:23,06-Aug-2019 10:36,493.440330938498,0.0,0.0,0
07-Aug-2019 00:52,07-Aug-2019 07:45,412.918830132484,0.0,0.0,0
08-Aug-2019 01:30,08-Aug-2019 10:47,557.4,0.0,0.0,0
09-Aug-2019 01:34,09-Aug-2019 07:34,360.602421762546,0.0,0.0,0
10-Aug-2019 00:07,10-Aug-2019 08:23,496.004082455238,0.0,0.0,0
11-Aug-2019 00:05,11-Aug-2019 08:06,481.044262166818,0.0,0.0,0
12-Aug-2019 01:35,12-Aug-2019 09:42,487.423199117184,0.0,0.0,0
13-Aug-2019 09:29,13-Aug-2019 09:35,6.57833939989408,0.0,0.0,0
13-Aug-2019 23:04,14-Aug-2019 06:15,430.683276782433,0.0,0.0,0
15-Aug-2019 00:52,15-Aug-2019 07:52,419.895582083861,0.0,0.0,0
16-Aug-2019 00:00,16-Aug-2019 10:07,606.263301450014,0.0,0.0,0
17-Aug-2019 00:39,17-Aug-2019 07:24,404.627652178208,0.0,0.0,0
18-Aug-2019 00:42,18-Aug-2019 06:14,332.133333333333,0.0,0.0,0
18-Aug-2019 06:15,18-Aug-2019 07:11,55.7884272158146,0.0,0.0,0
19-Aug-2019 02:11,19-Aug-2019 08:34,382.619843584299,0.0,0.0,0
20-Aug-2019 00:48,20-Aug-2019 09:22,513.906309316556,0.0,0.0,0
21-Aug-2019 00:22,21-Aug-2019 07:50,447.986310656865,0.0,0.0,0
22-Aug-2019 03:04,22-Aug-2019 08:02,298.27331845959,0.0,0.0,0
23-Aug-2019 06:27,23-Aug-2019 10:30,242.619041204453,0.0,0.0,0
24-Aug-2019 09:27,24-Aug-2019 10:30,63.5227455218633,0.0,0.0,0
25-Aug-2019 01:00,25-Aug-2019 08:41,460.199522350232,0.0,0.0,0
26-Aug-2019 00:02,26-Aug-2019 09:56,594.156198801597,0.0,0.0,0
27-Aug-2019 06:20,27-Aug-2019 08:05,104.865196899573,0.0,0.0,0
28-Aug-2019 00:03,28-Aug-2019 07:46,462.933333333333,0.0,0.0,0
28-Aug-2019 07:47,28-Aug-2019 08:00,12.6153042495251,0.0,0.0,0
29-Aug-2019 00:46,29-Aug-2019 07:55,428.330903110901,0.0,0.0,0
30-Aug-2019 02:00,30-Aug-2019 10:00,480.040121233463,0.0,0.0,0
01-Sep-2019 02:20,01-Sep-2019 09:48,448.778183484077,0.0,0.0,0
02-Sep-2019 00:00,02-Sep-2019 08:26,506.03824908336,0.0,0.0,0
03-Sep-2019 00:42,03-Sep-2019 07:46,423.642039446036,0.0,0.0,0
05-Sep-2019 23:03,06-Sep-2019 06:02,418.854890588919,0.0,0.0,0
07-Sep-2019 23:26,08-Sep-2019 07:30,484.581798358758,0.0,0.0,0
09-Sep-2019 22:00,10-Sep-2019 06:01,481.187032433351,0.0,0.0,0
10-Sep-2019 23:29,11-Sep-2019 06:01,391.530619982878,0.0,0.0,0
11-Sep-2019 23:23,12-Sep-2019 06:01,397.90035953323,0.0,0.0,0
12-Sep-2019 22:39,13-Sep-2019 06:01,442.299132899443,0.0,0.0,0
14-Sep-2019 00:30,14-Sep-2019 09:20,530.241687766711,0.0,0.0,0
15-Sep-2019 00:20,15-Sep-2019 08:52,511.257131383816,0.0,0.0,0
16-Sep-2019 00:37,16-Sep-2019 06:01,323.645089783271,0.0,0.0,0
16-Sep-2019 23:48,17-Sep-2019 05:45,357.242344999313,0.0,0.0,0
17-Sep-2019 23:38,18-Sep-2019 05:46,367.953151716789,0.0,0.0,0
19-Sep-2019 00:29,19-Sep-2019 05:46,316.629373516639,0.0,0.0,0
19-Sep-2019 22:50,20-Sep-2019 05:45,415.0,0.0,0.0,0
20-Sep-2019 05:46,20-Sep-2019 06:05,19.2100346505642,0.0,0.0,0
20-Sep-2019 08:40,20-Sep-2019 08:40,0.0,0.0,0.0,0
21-Sep-2019 01:25,21-Sep-2019 08:31,426.826460633675,0.0,0.0,0
23-Sep-2019 08:00,23-Sep-2019 09:00,60.0,0.0,0.0,0
23-Sep-2019 23:56,24-Sep-2019 05:46,349.642623833815,0.0,0.0,0
25-Sep-2019 00:27,25-Sep-2019 05:46,319.126497532924,0.0,0.0,0
26-Sep-2019 00:52,26-Sep-2019 05:46,293.68576536576,0.0,0.0,0
27-Sep-2019 00:45,27-Sep-2019 05:46,300.457070382436,0.0,0.0,0
28-Sep-2019 00:17,28-Sep-2019 08:01,463.778198283911,0.0,0.0,0
29-Sep-2019 00:00,29-Sep-2019 08:58,538.237490600348,0.0,0.0,0
30-Sep-2019 02:30,30-Sep-2019 10:30,480.267469616731,0.0,0.0,0
01-Oct-2019 01:25,01-Oct-2019 08:15,409.246124299367,0.0,0.0,0
02-Oct-2019 00:33,02-Oct-2019 05:46,312.786302858591,0.0,0.0,0
03-Oct-2019 00:42,03-Oct-2019 05:46,303.842972334226,0.0,0.0,0
04-Oct-2019 01:26,04-Oct-2019 05:41,255.094680502017,0.0,0.0,0
05-Oct-2019 00:24,05-Oct-2019 08:45,501.183473535379,0.0,0.0,0
06-Oct-2019 01:10,06-Oct-2019 09:31,501.049617616336,0.0,0.0,0
07-Oct-2019 01:40,07-Oct-2019 05:47,247.066644150019,0.0,0.0,0
07-Oct-2019 23:31,08-Oct-2019 05:46,374.392432059844,0.0,0.0,0
09-Oct-2019 00:23,09-Oct-2019 08:50,507.429927366972,0.0,0.0,0
10-Oct-2019 00:05,10-Oct-2019 05:51,346.106104630232,0.0,0.0,0
11-Oct-2019 00:11,11-Oct-2019 05:51,340.362018465996,0.0,0.0,0
15-Oct-2019 01:55,15-Oct-2019 06:19,264.215839560827,0.0,0.0,0
15-Oct-2019 23:50,16-Oct-2019 08:00,490.052935467164,0.0,0.0,0
17-Oct-2019 07:00,17-Oct-2019 08:00,60.0001596828302,0.0,0.0,0
18-Oct-2019 01:29,18-Oct-2019 06:07,278.285067915916,0.0,0.0,0
18-Oct-2019 23:21,19-Oct-2019 07:00,458.07277273337,0.0,0.0,0
20-Oct-2019 22:30,21-Oct-2019 06:00,450.049978232384,0.0,0.0,0
21-Oct-2019 23:38,22-Oct-2019 06:01,383.115356467168,0.0,0.0,0
22-Oct-2019 22:58,23-Oct-2019 05:59,420.333281314373,0.0,0.0,0
23-Oct-2019 22:55,24-Oct-2019 05:59,424.305148716768,0.0,0.0,0
25-Oct-2019 01:08,25-Oct-2019 05:59,291.342180200418,0.0,0.0,0
28-Oct-2019 00:23,28-Oct-2019 06:33,369.480574846268,0.0,0.0,0
28-Oct-2019 23:31,29-Oct-2019 05:59,387.929239616791,0.0,0.0,0
30-Oct-2019 00:24,30-Oct-2019 05:56,331.633300250769,0.0,0.0,0
30-Oct-2019 20:55,31-Oct-2019 05:59,544.826635867357,0.0,0.0,0
01-Nov-2019 00:18,01-Nov-2019 05:59,341.171499150991,0.0,0.0,0
04-Nov-2019 01:27,04-Nov-2019 06:05,278.03786188364,0.0,0.0,0
04-Nov-2019 22:25,05-Nov-2019 08:23,598.769433198373,0.0,0.0,0
05-Nov-2019 23:16,06-Nov-2019 06:00,403.537295087179,0.0,0.0,0
06-Nov-2019 23:22,07-Nov-2019 06:00,398.345794906219,0.0,0.0,0
08-Nov-2019 01:00,08-Nov-2019 06:00,300.0,0.0,0.0,0
08-Nov-2019 23:25,09-Nov-2019 09:15,590.0,0.0,0.0,0
10-Nov-2019 00:19,10-Nov-2019 09:09,530.714131049315,0.0,0.0,0
11-Nov-2019 01:33,11-Nov-2019 10:32,538.849937967459,0.0,0.0,0
11-Nov-2019 22:59,12-Nov-2019 06:00,421.069421631098,0.0,0.0,0
12-Nov-2019 20:56,13-Nov-2019 06:00,544.322509217262,0.0,0.0,0
13-Nov-2019 22:26,14-Nov-2019 05:56,450.0,0.0,0.0,0
14-Nov-2019 22:46,15-Nov-2019 06:05,438.662373783191,0.0,0.0,0
15-Nov-2019 23:45,16-Nov-2019 10:10,624.445242283742,0.0,0.0,0
16-Nov-2019 23:48,17-Nov-2019 10:10,621.148727883895,0.0,0.0,0
17-Nov-2019 22:18,18-Nov-2019 06:31,493.0,0.0,0.0,0
19-Nov-2019 00:20,19-Nov-2019 06:05,345.645106482506,0.0,0.0,0
19-Nov-2019 21:55,20-Nov-2019 06:05,490.235540099939,0.0,0.0,0
20-Nov-2019 23:01,21-Nov-2019 06:05,424.413382550081,0.0,0.0,0
21-Nov-2019 22:27,22-Nov-2019 06:05,458.442596950134,0.0,0.0,0
23-Nov-2019 00:30,23-Nov-2019 09:28,538.0,0.0,0.0,0
23-Nov-2019 23:28,24-Nov-2019 08:29,540.380243819952,0.0,0.0,0
24-Nov-2019 23:52,25-Nov-2019 06:05,372.440984449784,0.0,0.0,0
25-Nov-2019 22:03,26-Nov-2019 06:05,482.151669317484,0.0,0.0,0
26-Nov-2019 22:50,27-Nov-2019 06:05,434.712983016173,0.0,0.0,0
28-Nov-2019 00:42,28-Nov-2019 08:53,491.0,0.0,0.0,0
29-Nov-2019 01:41,29-Nov-2019 08:45,424.16095422109,0.0,0.0,0
29-Nov-2019 23:09,30-Nov-2019 08:31,561.998058666786,0.0,0.0,0
01-Dec-2019 00:18,01-Dec-2019 08:34,495.494313716888,0.0,0.0,0
02-Dec-2019 23:59,03-Dec-2019 06:05,365.728376744191,0.0,0.0,0
03-Dec-2019 22:53,04-Dec-2019 06:06,432.772528566917,0.0,0.0,0
04-Dec-2019 23:13,05-Dec-2019 06:05,412.095841666063,0.0,0.0,0
05-Dec-2019 23:01,06-Dec-2019 06:05,423.523353250821,0.0,0.0,0
07-Dec-2019 00:16,07-Dec-2019 06:15,358.622300368547,0.0,0.0,0
08-Dec-2019 00:00,08-Dec-2019 09:00,540.046859200795,0.0,0.0,0
08-Dec-2019 23:22,09-Dec-2019 06:05,402.842961466312,0.0,0.0,0
09-Dec-2019 22:27,10-Dec-2019 06:06,459.277025649945,0.0,0.0,0
10-Dec-2019 22:24,11-Dec-2019 06:05,461.559986466169,0.0,0.0,0
11-Dec-2019 21:45,12-Dec-2019 06:06,500.713757483164,0.0,0.0,0
12-Dec-2019 22:26,13-Dec-2019 06:05,459.533867293596,0.0,0.0,0
14-Dec-2019 00:21,14-Dec-2019 06:05,343.847896444798,0.0,0.0,0
15-Dec-2019 00:43,15-Dec-2019 09:00,497.192841132482,0.0,0.0,0
15-Dec-2019 22:44,16-Dec-2019 06:05,441.440897526344,0.0,0.0,0
16-Dec-2019 23:54,17-Dec-2019 06:02,367.93125436902,0.0,0.0,0
17-Dec-2019 23:26,18-Dec-2019 06:34,427.850451550881,0.0,0.0,0
18-Dec-2019 21:58,19-Dec-2019 06:05,487.531215065718,0.0,0.0,0
19-Dec-2019 22:59,20-Dec-2019 06:05,426.085590434074,0.0,0.0,0
01-Jan-2020 22:52,02-Jan-2020 06:05,432.689611117045,0.0,0.0,0
02-Jan-2020 22:32,03-Jan-2020 05:50,437.430961883068,0.0,0.0,0
06-Jan-2020 00:43,06-Jan-2020 06:00,316.825839583079,0.0,0.0,0
06-Jan-2020 23:47,07-Jan-2020 06:00,373.427698133389,0.0,0.0,0
07-Jan-2020 23:09,08-Jan-2020 06:00,411.44687289993,0.0,0.0,0
08-Jan-2020 22:38,09-Jan-2020 06:35,477.280029416084,0.0,0.0,0
12-Jan-2020 22:30,13-Jan-2020 06:33,483.439022972186,0.0,0.0,0
13-Jan-2020 22:52,14-Jan-2020 06:00,428.374995166063,0.0,0.0,0
14-Jan-2020 23:00,15-Jan-2020 06:00,420.075653400024,0.0,0.0,0
15-Jan-2020 22:58,16-Jan-2020 06:00,422.334847700596,0.0,0.0,0
16-Jan-2020 23:05,17-Jan-2020 06:00,415.524728133281,0.0,0.0,0
27-Jan-2020 22:56,28-Jan-2020 05:59,423.002955502272,0.0,0.0,0
28-Jan-2020 22:53,29-Jan-2020 05:59,426.071813782056,0.0,0.0,0
29-Jan-2020 22:49,30-Jan-2020 06:00,430.577265616258,0.0,0.0,0
30-Jan-2020 22:15,31-Jan-2020 06:00,464.521466076374,0.0,0.0,0
02-Feb-2020 22:21,03-Feb-2020 06:00,458.071690299114,0.0,0.0,0
03-Feb-2020 23:29,04-Feb-2020 06:00,391.053726667166,0.0,0.0,0
04-Feb-2020 23:50,05-Feb-2020 06:00,369.739739185572,0.0,0.0,0
05-Feb-2020 22:57,06-Feb-2020 06:00,423.282194137573,0.0,0.0,0
07-Feb-2020 00:29,07-Feb-2020 06:00,331.004110733668,0.0,0.0,0
09-Feb-2020 23:36,10-Feb-2020 06:00,383.355394432942,0.0,0.0,0
11-Feb-2020 21:39,12-Feb-2020 06:00,501.088786967595,0.0,0.0,0
12-Feb-2020 21:28,13-Feb-2020 06:00,511.78512703379,0.0,0.0,0
13-Feb-2020 22:54,14-Feb-2020 06:00,425.967503966888,0.0,0.0,0
24-Feb-2020 00:20,24-Feb-2020 05:55,335.593970833222,0.0,0.0,0
24-Feb-2020 22:25,25-Feb-2020 06:00,455.381858766079,0.0,0.0,0
26-Feb-2020 04:43,26-Feb-2020 06:00,76.8993054906527,0.0,0.0,0
26-Feb-2020 21:24,27-Feb-2020 06:00,515.881165299813,0.0,0.0,0
27-Feb-2020 22:31,28-Feb-2020 06:01,450.556430967649,0.0,0.0,0
02-Mar-2020 00:48,02-Mar-2020 06:00,312.176236883799,0.0,0.0,0
02-Mar-2020 21:06,03-Mar-2020 06:00,533.546499049664,0.0,0.0,0
04-Mar-2020 01:39,04-Mar-2020 06:09,270.219412533442,0.0,0.0,0
04-Mar-2020 21:56,05-Mar-2020 06:01,484.934896355867,0.0,0.0,0
05-Mar-2020 23:42,06-Mar-2020 06:01,378.393919342756,0.0,0.0,0
08-Mar-2020 22:06,09-Mar-2020 07:14,547.5,542.0,5.5,1,08-Mar-2020 22:12,09-Mar-2020 07:14
09-Mar-2020 23:47,10-Mar-2020 10:09,621.316666666667,383.0,10.3166666666667,3,09-Mar-2020 23:58,10-Mar-2020 05:15,10-Mar-2020 05:30,10-Mar-2020 06:00,10-Mar-2020 09:33,10-Mar-2020 10:09
10-Mar-2020 21:37,11-Mar-2020 10:13,755.366666666667,536.0,7.36666666666667,2,10-Mar-2020 21:45,11-Mar-2020 06:15,11-Mar-2020 09:47,11-Mar-2020 10:13
11-Mar-2020 21:43,12-Mar-2020 06:00,497.472107833624,494.0,3.0,1,11-Mar-2020 21:46,12-Mar-2020 06:00
12-Mar-2020 21:42,12-Mar-2020 22:37,54.6166666666667,0.0,0.0,0
12-Mar-2020 22:37,12-Mar-2020 22:48,11.3,0.0,0.0,0
12-Mar-2020 22:48,12-Mar-2020 23:14,25.6666666666667,0.0,0.0,0
12-Mar-2020 23:15,12-Mar-2020 23:35,20.0166666666667,0.0,0.0,0
12-Mar-2020 23:35,13-Mar-2020 00:01,26.05,0.0,0.0,0
13-Mar-2020 00:01,13-Mar-2020 00:06,4.95,0.0,0.0,0
13-Mar-2020 00:06,13-Mar-2020 00:19,12.8333333333333,0.0,0.0,0
13-Mar-2020 00:20,13-Mar-2020 00:22,2.06666666666667,0.0,0.0,0
13-Mar-2020 00:22,13-Mar-2020 00:25,3.16666666666667,0.0,0.0,0
13-Mar-2020 00:27,13-Mar-2020 00:30,3.35,0.0,0.0,0
13-Mar-2020 01:00,13-Mar-2020 09:08,487.266666666667,448.0,9.26666666666667,2,13-Mar-2020 01:10,13-Mar-2020 07:00,13-Mar-2020 07:30,13-Mar-2020 09:08
14-Mar-2020 02:16,14-Mar-2020 11:07,531.0,531.0,0.0,1,14-Mar-2020 02:16,14-Mar-2020 11:07
15-Mar-2020 05:08,15-Mar-2020 09:16,248.0,248.0,0.0,1,15-Mar-2020 05:08,15-Mar-2020 09:16
16-Mar-2020 02:05,16-Mar-2020 11:11,545.435183419784,543.0,2.43518341978391,1,16-Mar-2020 02:08,16-Mar-2020 11:11
17-Mar-2020 02:09,17-Mar-2020 11:07,538.0,538.0,0.0,1,17-Mar-2020 02:09,17-Mar-2020 11:07
18-Mar-2020 02:14,18-Mar-2020 10:43,509.0,509.0,0.0,1,18-Mar-2020 02:14,18-Mar-2020 10:43
19-Mar-2020 02:48,19-Mar-2020 11:41,533.0,533.0,0.0,1,19-Mar-2020 02:48,19-Mar-2020 11:41
20-Mar-2020 00:45,20-Mar-2020 09:18,513.0,0.0,0.0,0
20-Mar-2020 19:08,20-Mar-2020 19:40,32.0,0.0,0.0,0
21-Mar-2020 02:11,21-Mar-2020 11:00,529.0,0.0,0.0,0
21-Mar-2020 19:30,21-Mar-2020 20:02,32.0,32.0,0.0,1,21-Mar-2020 19:30,21-Mar-2020 20:02
22-Mar-2020 01:37,22-Mar-2020 11:56,619.0,619.0,0.0,1,22-Mar-2020 01:37,22-Mar-2020 11:56
22-Mar-2020 23:32,23-Mar-2020 17:45,1093.0,616.0,0.0,4,22-Mar-2020 23:32,23-Mar-2020 00:01,23-Mar-2020 00:13,23-Mar-2020 08:46,23-Mar-2020 12:32,23-Mar-2020 13:01,23-Mar-2020 17:00,23-Mar-2020 17:45
24-Mar-2020 01:45,24-Mar-2020 09:00,435.0,435.0,0.0,1,24-Mar-2020 01:45,24-Mar-2020 09:00
26-Mar-2020 02:45,26-Mar-2020 10:00,435.0,421.0,0.0,2,26-Mar-2020 02:45,26-Mar-2020 09:01,26-Mar-2020 09:15,26-Mar-2020 10:00
26-Mar-2020 15:51,26-Mar-2020 16:15,24.0,24.0,0.0,1,26-Mar-2020 15:51,26-Mar-2020 16:15
27-Mar-2020 00:45,27-Mar-2020 08:15,450.0,450.0,0.0,1,27-Mar-2020 00:45,27-Mar-2020 08:15
28-Mar-2020 00:45,28-Mar-2020 10:45,600.0,600.0,0.0,1,28-Mar-2020 00:45,28-Mar-2020 10:45
28-Mar-2020 15:32,28-Mar-2020 16:36,64.0,64.0,0.0,1,28-Mar-2020 15:32,28-Mar-2020 16:36
30-Mar-2020 00:43,30-Mar-2020 09:02,499.0,499.0,0.0,1,30-Mar-2020 00:43,30-Mar-2020 09:02
31-Mar-2020 01:27,31-Mar-2020 09:03,456.0,456.0,0.0,1,31-Mar-2020 01:27,31-Mar-2020 09:03
01-Apr-2020 00:30,01-Apr-2020 08:14,464.0,0.0,0.0,0
02-Apr-2020 00:29,02-Apr-2020 09:02,512.205430416266,497.0,15.2054304162661,1,02-Apr-2020 00:45,02-Apr-2020 09:02
03-Apr-2020 02:12,03-Apr-2020 08:32,380.0,380.0,0.0,1,03-Apr-2020 02:12,03-Apr-2020 08:32
03-Apr-2020 23:45,04-Apr-2020 10:15,630.0,630.0,0.0,1,03-Apr-2020 23:45,04-Apr-2020 10:15
04-Apr-2020 16:15,04-Apr-2020 17:02,47.0,47.0,0.0,1,04-Apr-2020 16:15,04-Apr-2020 17:02
07-Apr-2020 00:15,07-Apr-2020 08:01,466.0,466.0,0.0,1,07-Apr-2020 00:15,07-Apr-2020 08:01
09-Apr-2020 02:30,09-Apr-2020 12:24,594.0,564.0,0.0,2,09-Apr-2020 02:30,09-Apr-2020 07:15,09-Apr-2020 07:45,09-Apr-2020 12:24
10-Apr-2020 01:49,10-Apr-2020 10:00,491.0,491.0,0.0,1,10-Apr-2020 01:49,10-Apr-2020 10:00
12-Apr-2020 02:36,12-Apr-2020 10:46,490.0,372.0,113.0,3,12-Apr-2020 04:29,12-Apr-2020 08:56,12-Apr-2020 09:00,12-Apr-2020 09:53,12-Apr-2020 09:54,12-Apr-2020 10:46
13-Apr-2020 02:11,13-Apr-2020 09:00,409.0,145.0,196.0,2,13-Apr-2020 05:27,13-Apr-2020 06:15,13-Apr-2020 07:23,13-Apr-2020 09:00
14-Apr-2020 03:18,14-Apr-2020 10:28,430.0,430.0,0.0,1,14-Apr-2020 03:18,14-Apr-2020 10:28
15-Apr-2020 02:31,15-Apr-2020 11:34,543.0,154.0,389.0,1,15-Apr-2020 09:00,15-Apr-2020 11:34
17-Apr-2020 01:42,17-Apr-2020 11:26,584.0,26.0,558.0,1,17-Apr-2020 11:00,17-Apr-2020 11:26
18-Apr-2020 02:13,18-Apr-2020 10:31,498.0,91.0,407.0,1,18-Apr-2020 09:00,18-Apr-2020 10:31
19-Apr-2020 03:47,19-Apr-2020 10:29,402.0,0.0,0.0,0
19-Apr-2020 19:00,19-Apr-2020 19:46,46.0,46.0,0.0,1,19-Apr-2020 19:00,19-Apr-2020 19:46
21-Apr-2020 00:02,21-Apr-2020 08:01,479.0,0.0,0.0,0
23-Apr-2020 00:31,23-Apr-2020 09:15,524.0,0.0,0.0,0
24-Apr-2020 01:45,24-Apr-2020 09:02,437.0,0.0,0.0,0
26-Apr-2020 03:16,26-Apr-2020 11:31,495.0,445.0,0.0,3,26-Apr-2020 03:16,26-Apr-2020 07:45,26-Apr-2020 08:12,26-Apr-2020 10:48,26-Apr-2020 11:11,26-Apr-2020 11:31
06-May-2020 21:37,07-May-2020 08:30,653.0,0.0,0.0,0
07-May-2020 23:30,08-May-2020 08:29,539.0,0.0,0.0,0
09-May-2020 02:17,09-May-2020 09:20,423.0,0.0,0.0,0
10-May-2020 01:42,10-May-2020 11:31,589.0,76.0,513.0,1,10-May-2020 10:15,10-May-2020 11:31
11-May-2020 01:14,11-May-2020 12:00,646.0,30.0,616.0,1,11-May-2020 11:30,11-May-2020 12:00
12-May-2020 01:30,12-May-2020 09:43,493.0,179.0,285.0,2,12-May-2020 06:15,12-May-2020 08:31,12-May-2020 09:00,12-May-2020 09:43
13-May-2020 02:16,13-May-2020 09:29,433.0,0.0,0.0,0
14-May-2020 01:00,14-May-2020 08:32,452.0,0.0,0.0,0
14-May-2020 23:49,15-May-2020 08:32,523.0,0.0,0.0,0
16-May-2020 02:06,16-May-2020 10:44,518.0,0.0,0.0,0
17-May-2020 02:15,17-May-2020 10:45,510.0,260.0,250.0,1,17-May-2020 06:25,17-May-2020 10:45
17-May-2020 22:56,18-May-2020 08:32,576.0,346.0,230.0,1,18-May-2020 02:46,18-May-2020 08:32
19-May-2020 01:45,19-May-2020 08:31,406.0,0.0,0.0,0
20-May-2020 22:00,21-May-2020 08:31,631.0,447.0,144.0,3,21-May-2020 00:24,21-May-2020 04:14,21-May-2020 04:45,21-May-2020 07:51,21-May-2020 08:00,21-May-2020 08:31
22-May-2020 00:36,22-May-2020 08:31,475.0,0.0,0.0,0
23-May-2020 03:46,23-May-2020 11:34,468.0,32.0,436.0,1,23-May-2020 11:02,23-May-2020 11:34
25-May-2020 01:58,25-May-2020 10:41,523.0,0.0,0.0,0
27-May-2020 01:09,27-May-2020 09:02,473.0,0.0,0.0,0
29-May-2020 00:15,29-May-2020 09:20,545.0,140.0,405.0,1,29-May-2020 07:00,29-May-2020 09:20
01-Jun-2020 02:18,01-Jun-2020 09:01,403.0,226.0,177.0,1,01-Jun-2020 05:15,01-Jun-2020 09:01
03-Jun-2020 00:50,03-Jun-2020 10:10,559.518105433385,543.0,5.51810543338458,2,03-Jun-2020 00:56,03-Jun-2020 06:04,03-Jun-2020 06:15,03-Jun-2020 10:10
04-Jun-2020 01:57,04-Jun-2020 10:09,491.689332983891,444.0,47.6893329838912,1,04-Jun-2020 02:45,04-Jun-2020 10:09
05-Jun-2020 00:35,05-Jun-2020 09:01,505.748512782653,496.0,9.74851278265317,1,05-Jun-2020 00:45,05-Jun-2020 09:01
06-Jun-2020 02:35,06-Jun-2020 10:48,492.083368132512,485.0,7.08336813251177,1,06-Jun-2020 02:43,06-Jun-2020 10:48
07-Jun-2020 21:44,08-Jun-2020 10:01,736.65807818373,623.0,60.6580781837304,4,07-Jun-2020 22:45,07-Jun-2020 23:46,08-Jun-2020 00:00,08-Jun-2020 03:27,08-Jun-2020 04:01,08-Jun-2020 07:00,08-Jun-2020 07:05,08-Jun-2020 10:01
09-Jun-2020 03:35,09-Jun-2020 09:52,376.595645415783,366.0,10.5956454157829,1,09-Jun-2020 03:46,09-Jun-2020 09:52
10-Jun-2020 02:56,10-Jun-2020 13:57,661.0,25.0,636.0,1,10-Jun-2020 13:32,10-Jun-2020 13:57
11-Jun-2020 01:23,11-Jun-2020 10:01,517.641553167502,509.0,1.64155316750209,2,11-Jun-2020 01:25,11-Jun-2020 09:08,11-Jun-2020 09:15,11-Jun-2020 10:01
11-Jun-2020 23:56,12-Jun-2020 09:46,589.095142682393,460.0,128.095142682393,2,12-Jun-2020 02:05,12-Jun-2020 06:59,12-Jun-2020 07:00,12-Jun-2020 09:46
13-Jun-2020 01:37,13-Jun-2020 12:01,623.775310299794,620.0,3.77531029979388,1,13-Jun-2020 01:41,13-Jun-2020 12:01
14-Jun-2020 00:27,14-Jun-2020 10:44,616.892463684082,549.0,67.892463684082,1,14-Jun-2020 01:35,14-Jun-2020 10:44
15-Jun-2020 04:01,15-Jun-2020 10:50,409.0,35.0,374.0,1,15-Jun-2020 10:15,15-Jun-2020 10:50
16-Jun-2020 03:08,16-Jun-2020 12:13,545.0,0.0,0.0,0
16-Jun-2020 19:30,16-Jun-2020 20:00,30.0,0.0,0.0,0
18-Jun-2020 00:21,18-Jun-2020 09:56,574.393055599928,536.0,33.3930555999279,2,18-Jun-2020 00:55,18-Jun-2020 08:40,18-Jun-2020 08:45,18-Jun-2020 09:56
19-Jun-2020 02:24,19-Jun-2020 10:31,486.288203682502,467.0,12.2882036825021,2,19-Jun-2020 02:37,19-Jun-2020 09:09,19-Jun-2020 09:16,19-Jun-2020 10:31
20-Jun-2020 02:14,20-Jun-2020 10:30,495.778360333045,493.0,2.77836033304532,1,20-Jun-2020 02:17,20-Jun-2020 10:30
22-Jun-2020 03:23,22-Jun-2020 13:45,622.0,423.0,199.0,1,22-Jun-2020 06:42,22-Jun-2020 13:45
23-Jun-2020 00:45,23-Jun-2020 08:22,456.384803966681,366.0,90.3848039666812,1,23-Jun-2020 02:16,23-Jun-2020 08:22
24-Jun-2020 02:54,24-Jun-2020 11:16,502.0,81.0,421.0,1,24-Jun-2020 09:55,24-Jun-2020 11:16
25-Jun-2020 04:02,25-Jun-2020 12:10,487.239164549112,475.0,12.2391645491123,1,25-Jun-2020 04:15,25-Jun-2020 12:10
25-Jun-2020 19:45,25-Jun-2020 20:15,30.0,30.0,0.0,1,25-Jun-2020 19:45,25-Jun-2020 20:15
26-Jun-2020 02:01,26-Jun-2020 11:17,555.677118166288,532.0,9.67711816628774,3,26-Jun-2020 02:11,26-Jun-2020 08:42,26-Jun-2020 08:43,26-Jun-2020 10:00,26-Jun-2020 10:13,26-Jun-2020 11:17
27-Jun-2020 00:09,27-Jun-2020 08:26,496.71412978371,476.0,20.7141297837098,1,27-Jun-2020 00:30,27-Jun-2020 08:26
29-Jun-2020 01:46,29-Jun-2020 11:01,554.560469800234,511.0,43.5604698002338,1,29-Jun-2020 02:30,29-Jun-2020 11:01
29-Jun-2020 23:42,30-Jun-2020 08:21,518.68969219923,441.0,77.6896921992302,1,30-Jun-2020 01:00,30-Jun-2020 08:21
01-Jul-2020 01:43,01-Jul-2020 10:15,512.0,0.0,0.0,0
03-Jul-2020 03:00,03-Jul-2020 08:16,316.0,0.0,0.0,0
03-Jul-2020 23:05,04-Jul-2020 10:27,681.006187182665,663.0,18.0061871826649,1,03-Jul-2020 23:24,04-Jul-2020 10:27
05-Jul-2020 01:42,05-Jul-2020 10:26,524.0,0.0,0.0,0
05-Jul-2020 17:00,05-Jul-2020 17:15,15.0,0.0,0.0,0
05-Jul-2020 21:30,06-Jul-2020 09:30,720.0,570.0,0.0,2,05-Jul-2020 21:30,05-Jul-2020 22:00,06-Jul-2020 00:30,06-Jul-2020 09:30
07-Jul-2020 01:34,07-Jul-2020 08:17,402.982835249106,391.0,11.9828352491061,1,07-Jul-2020 01:46,07-Jul-2020 08:17
08-Jul-2020 02:45,08-Jul-2020 09:30,405.0,150.0,210.0,3,08-Jul-2020 06:15,08-Jul-2020 07:45,08-Jul-2020 08:00,08-Jul-2020 08:30,08-Jul-2020 09:00,08-Jul-2020 09:30
09-Jul-2020 01:35,09-Jul-2020 08:51,435.349117183685,426.0,9.3491171836853,1,09-Jul-2020 01:45,09-Jul-2020 08:51
10-Jul-2020 01:29,10-Jul-2020 08:36,426.320146516959,423.0,3.32014651695887,1,10-Jul-2020 01:33,10-Jul-2020 08:36
12-Jul-2020 04:04,12-Jul-2020 11:43,459.0,283.0,176.0,1,12-Jul-2020 07:00,12-Jul-2020 11:43
13-Jul-2020 01:43,13-Jul-2020 10:00,496.846649416288,491.0,5.84664941628774,1,13-Jul-2020 01:49,13-Jul-2020 10:00
13-Jul-2020 23:16,14-Jul-2020 08:06,529.047062565883,515.0,14.047062565883,1,13-Jul-2020 23:31,14-Jul-2020 08:06
14-Jul-2020 22:25,15-Jul-2020 10:00,695.0,15.0,680.0,1,15-Jul-2020 09:45,15-Jul-2020 10:00
16-Jul-2020 03:30,16-Jul-2020 11:45,495.0,62.0,433.0,1,16-Jul-2020 10:43,16-Jul-2020 11:45
17-Jul-2020 03:45,17-Jul-2020 11:31,466.0,0.0,0.0,0
17-Jul-2020 17:16,17-Jul-2020 17:44,28.0,0.0,0.0,0
17-Jul-2020 23:03,18-Jul-2020 07:31,507.500217016538,394.0,88.500217016538,3,18-Jul-2020 00:32,18-Jul-2020 02:45,18-Jul-2020 03:00,18-Jul-2020 03:59,18-Jul-2020 04:09,18-Jul-2020 07:31
19-Jul-2020 00:40,19-Jul-2020 08:17,456.100347133478,438.0,6.10034713347753,2,19-Jul-2020 00:47,19-Jul-2020 02:49,19-Jul-2020 03:01,19-Jul-2020 08:17
20-Jul-2020 00:31,20-Jul-2020 11:24,653.0,0.0,0.0,0
20-Jul-2020 22:46,21-Jul-2020 07:54,547.785040583213,504.0,13.7850405832132,4,20-Jul-2020 23:00,21-Jul-2020 00:40,21-Jul-2020 00:46,21-Jul-2020 01:43,21-Jul-2020 01:45,21-Jul-2020 04:31,21-Jul-2020 04:53,21-Jul-2020 07:54
22-Jul-2020 02:51,22-Jul-2020 10:27,455.286406167348,447.0,8.28640616734823,1,22-Jul-2020 03:00,22-Jul-2020 10:27
22-Jul-2020 21:56,23-Jul-2020 09:17,680.8146870176,662.0,18.8146870175997,1,22-Jul-2020 22:15,23-Jul-2020 09:17
23-Jul-2020 23:59,24-Jul-2020 08:31,511.142415299018,494.0,17.1424152990182,1,24-Jul-2020 00:17,24-Jul-2020 08:31
26-Jul-2020 02:44,26-Jul-2020 10:32,467.529711733262,467.0,0.529711733261744,1,26-Jul-2020 02:45,26-Jul-2020 10:32
27-Jul-2020 00:10,27-Jul-2020 09:41,570.532671467463,564.0,6.53267146746318,1,27-Jul-2020 00:17,27-Jul-2020 09:41
27-Jul-2020 17:03,27-Jul-2020 17:25,22.0,0.0,0.0,0
27-Jul-2020 21:16,28-Jul-2020 07:56,639.50002656579,543.0,28.5000265657902,3,27-Jul-2020 21:45,27-Jul-2020 22:49,27-Jul-2020 23:46,28-Jul-2020 00:49,28-Jul-2020 01:00,28-Jul-2020 07:56
30-Jul-2020 01:02,30-Jul-2020 07:51,408.739029284318,396.0,12.7390292843183,1,30-Jul-2020 01:15,30-Jul-2020 07:51
31-Jul-2020 02:29,31-Jul-2020 09:00,390.750509033601,337.0,53.7505090336005,1,31-Jul-2020 03:23,31-Jul-2020 09:00
31-Jul-2020 23:27,01-Aug-2020 11:00,692.716865116358,687.0,2.7168651163578,2,31-Jul-2020 23:30,01-Aug-2020 08:28,01-Aug-2020 08:31,01-Aug-2020 11:00
02-Aug-2020 03:34,02-Aug-2020 10:55,440.264648499091,430.0,10.2646484990915,1,02-Aug-2020 03:45,02-Aug-2020 10:55
03-Aug-2020 01:45,03-Aug-2020 08:55,430.0,0.0,0.0,0
03-Aug-2020 18:59,03-Aug-2020 19:44,45.0,0.0,0.0,0
04-Aug-2020 02:09,04-Aug-2020 11:01,532.0,246.0,276.0,2,04-Aug-2020 06:45,04-Aug-2020 07:50,04-Aug-2020 08:00,04-Aug-2020 11:01
04-Aug-2020 15:19,04-Aug-2020 17:01,102.0,0.0,0.0,0
05-Aug-2020 03:45,05-Aug-2020 13:31,586.0,0.0,0.0,0
07-Aug-2020 01:26,07-Aug-2020 09:08,461.065631717443,432.0,29.0656317174435,1,07-Aug-2020 01:56,07-Aug-2020 09:08
08-Aug-2020 04:32,08-Aug-2020 11:37,425.0,0.0,0.0,0
09-Aug-2020 04:31,09-Aug-2020 12:21,470.0,83.0,387.0,1,09-Aug-2020 10:58,09-Aug-2020 12:21
09-Aug-2020 23:20,10-Aug-2020 08:51,570.190655499697,561.0,9.19065549969673,1,09-Aug-2020 23:30,10-Aug-2020 08:51
10-Aug-2020 22:14,11-Aug-2020 07:47,572.408323566119,568.0,4.40832356611888,1,10-Aug-2020 22:19,11-Aug-2020 07:47
12-Aug-2020 02:30,12-Aug-2020 10:59,509.0,0.0,0.0,0
13-Aug-2020 04:23,13-Aug-2020 12:02,459.0,0.0,0.0,0
14-Aug-2020 00:54,14-Aug-2020 09:41,526.538682432969,476.0,50.5386824329694,1,14-Aug-2020 01:45,14-Aug-2020 09:41
14-Aug-2020 22:23,15-Aug-2020 09:02,638.203814733028,584.0,6.20381473302841,3,14-Aug-2020 22:30,15-Aug-2020 00:16,15-Aug-2020 00:45,15-Aug-2020 02:56,15-Aug-2020 03:15,15-Aug-2020 09:02
15-Aug-2020 23:17,16-Aug-2020 08:45,568.0,510.0,58.0,1,16-Aug-2020 00:15,16-Aug-2020 08:45
16-Aug-2020 23:33,17-Aug-2020 08:30,537.0,513.0,0.0,3,16-Aug-2020 23:33,17-Aug-2020 01:22,17-Aug-2020 01:30,17-Aug-2020 03:15,17-Aug-2020 03:31,17-Aug-2020 08:30
17-Aug-2020 14:30,17-Aug-2020 15:05,35.0,0.0,0.0,0
18-Aug-2020 00:01,18-Aug-2020 09:14,553.0,469.0,69.0,2,18-Aug-2020 01:10,18-Aug-2020 05:00,18-Aug-2020 05:15,18-Aug-2020 09:14
18-Aug-2020 14:45,18-Aug-2020 15:51,66.0,0.0,0.0,0
18-Aug-2020 23:01,19-Aug-2020 08:34,573.0,470.0,45.0,3,18-Aug-2020 23:46,19-Aug-2020 02:46,19-Aug-2020 02:59,19-Aug-2020 06:30,19-Aug-2020 07:15,19-Aug-2020 08:34
20-Aug-2020 01:48,20-Aug-2020 10:01,493.0,493.0,0.0,1,20-Aug-2020 01:48,20-Aug-2020 10:01
21-Aug-2020 02:45,21-Aug-2020 10:02,437.0,0.0,0.0,0
21-Aug-2020 14:27,21-Aug-2020 15:00,33.0,0.0,0.0,0
21-Aug-2020 21:33,22-Aug-2020 05:51,497.053589866559,488.0,9.05358986655871,1,21-Aug-2020 21:43,22-Aug-2020 05:51
23-Aug-2020 02:55,23-Aug-2020 11:18,502.90949768424,502.0,0.909497684240341,1,23-Aug-2020 02:56,23-Aug-2020 11:18
23-Aug-2020 23:08,24-Aug-2020 12:30,801.046751817068,579.0,42.0467518170675,4,23-Aug-2020 23:51,24-Aug-2020 01:40,24-Aug-2020 01:45,24-Aug-2020 02:20,24-Aug-2020 02:31,24-Aug-2020 09:18,24-Aug-2020 12:02,24-Aug-2020 12:30
24-Aug-2020 23:42,25-Aug-2020 07:51,488.677615217368,460.0,10.6776152173678,2,24-Aug-2020 23:53,25-Aug-2020 01:12,25-Aug-2020 01:30,25-Aug-2020 07:51
26-Aug-2020 01:48,26-Aug-2020 10:02,494.0,17.0,477.0,1,26-Aug-2020 09:45,26-Aug-2020 10:02
26-Aug-2020 23:43,27-Aug-2020 09:17,573.658412249883,559.0,14.658412249883,1,26-Aug-2020 23:58,27-Aug-2020 09:17
27-Aug-2020 23:37,28-Aug-2020 08:11,513.867570400238,506.0,7.86757040023804,1,27-Aug-2020 23:45,28-Aug-2020 08:11
29-Aug-2020 01:37,29-Aug-2020 09:40,482.236563066642,477.0,5.23656306664149,1,29-Aug-2020 01:43,29-Aug-2020 09:40
30-Aug-2020 01:26,30-Aug-2020 09:22,475.896784500281,473.0,2.89678450028102,1,30-Aug-2020 01:29,30-Aug-2020 09:22
31-Aug-2020 00:41,31-Aug-2020 09:30,528.225078233083,526.0,2.22507823308309,1,31-Aug-2020 00:44,31-Aug-2020 09:30
31-Aug-2020 22:53,01-Sep-2020 07:46,532.255203882853,526.0,6.25520388285319,1,31-Aug-2020 23:00,01-Sep-2020 07:46
01-Sep-2020 22:01,02-Sep-2020 08:08,606.961179965734,594.0,12.9611799657345,1,01-Sep-2020 22:14,02-Sep-2020 08:08
03-Sep-2020 01:24,03-Sep-2020 09:46,501.144299866756,467.0,13.1442998667558,3,03-Sep-2020 01:38,03-Sep-2020 06:49,03-Sep-2020 07:00,03-Sep-2020 07:50,03-Sep-2020 08:00,03-Sep-2020 09:46
04-Sep-2020 04:45,04-Sep-2020 11:13,388.0,0.0,0.0,0
04-Sep-2020 23:16,05-Sep-2020 09:41,624.635500133038,577.0,28.6355001330376,3,04-Sep-2020 23:45,05-Sep-2020 01:51,05-Sep-2020 02:00,05-Sep-2020 02:35,05-Sep-2020 02:45,05-Sep-2020 09:41
05-Sep-2020 23:35,06-Sep-2020 07:46,490.549750783046,487.0,3.54975078304609,1,05-Sep-2020 23:39,06-Sep-2020 07:46
07-Sep-2020 00:17,07-Sep-2020 10:45,627.399798915784,600.0,12.3997989157836,2,07-Sep-2020 00:30,07-Sep-2020 05:45,07-Sep-2020 06:00,07-Sep-2020 10:45
07-Sep-2020 23:23,08-Sep-2020 07:52,509.0,36.0,473.0,1,08-Sep-2020 07:16,08-Sep-2020 07:52
08-Sep-2020 21:42,09-Sep-2020 08:16,633.320263683796,616.0,17.3202636837959,1,08-Sep-2020 22:00,09-Sep-2020 08:16
10-Sep-2020 00:06,10-Sep-2020 08:45,518.82802554965,515.0,3.82802554965019,1,10-Sep-2020 00:10,10-Sep-2020 08:45
11-Sep-2020 02:07,11-Sep-2020 08:45,397.399500850836,359.0,9.39950085083644,3,11-Sep-2020 02:17,11-Sep-2020 06:20,11-Sep-2020 06:30,11-Sep-2020 07:06,11-Sep-2020 07:25,11-Sep-2020 08:45
11-Sep-2020 23:35,12-Sep-2020 07:35,479.717097916206,471.0,8.71709791620572,1,11-Sep-2020 23:44,12-Sep-2020 07:35
12-Sep-2020 21:13,13-Sep-2020 07:30,616.630495200554,603.0,13.6304952005545,1,12-Sep-2020 21:27,13-Sep-2020 07:30
14-Sep-2020 03:04,14-Sep-2020 10:22,437.144451550643,428.0,9.14445155064265,1,14-Sep-2020 03:14,14-Sep-2020 10:22
15-Sep-2020 02:51,15-Sep-2020 11:45,534.0,90.0,444.0,1,15-Sep-2020 10:15,15-Sep-2020 11:45
16-Sep-2020 22:07,17-Sep-2020 08:10,602.172403816382,595.0,7.17240381638209,1,16-Sep-2020 22:15,17-Sep-2020 08:10
18-Sep-2020 00:28,18-Sep-2020 08:32,483.289361699422,475.0,8.2893616994222,1,18-Sep-2020 00:37,18-Sep-2020 08:32
19-Sep-2020 00:42,19-Sep-2020 09:33,530.009692549706,500.0,17.0096925497055,2,19-Sep-2020 01:00,19-Sep-2020 08:18,19-Sep-2020 08:31,19-Sep-2020 09:33
20-Sep-2020 00:02,20-Sep-2020 09:01,539.0,529.383458999793,9.11654100020727,1,20-Sep-2020 00:11,20-Sep-2020 09:01
20-Sep-2020 09:03,20-Sep-2020 09:04,0.3,0.0,0.0,0
20-Sep-2020 09:04,20-Sep-2020 09:04,0.0166666666666667,0.0,0.0,0
20-Sep-2020 22:44,21-Sep-2020 08:07,562.966666666667,545.711043399572,9.33333333333333,1,20-Sep-2020 22:54,21-Sep-2020 07:59
21-Sep-2020 08:12,21-Sep-2020 08:14,2.48333333333333,0.0,0.0,0
21-Sep-2020 08:14,21-Sep-2020 08:14,0.0333333333333333,0.0,0.0,0
21-Sep-2020 08:15,21-Sep-2020 08:15,0.0166666666666667,0.0,0.0,0
21-Sep-2020 22:22,22-Sep-2020 07:59,576.902120584249,559.434761732817,17.4673588514328,1,21-Sep-2020 22:39,22-Sep-2020 07:59
22-Sep-2020 23:24,23-Sep-2020 08:25,540.885969817638,518.0,16.4246033171813,1,22-Sep-2020 23:41,23-Sep-2020 08:19
23-Sep-2020 23:32,24-Sep-2020 08:10,518.191946067413,476.057208049297,36.201404684782,1,24-Sep-2020 00:08,24-Sep-2020 08:05
24-Sep-2020 23:16,25-Sep-2020 08:25,549.282443549236,527.003155982494,10.8635106841723,1,24-Sep-2020 23:26,25-Sep-2020 08:14
25-Sep-2020 22:44,26-Sep-2020 09:10,625.919091850519,593.934383350611,15.6190918505192,4,25-Sep-2020 23:00,26-Sep-2020 03:35,26-Sep-2020 03:41,26-Sep-2020 04:43,26-Sep-2020 04:44,26-Sep-2020 06:37,26-Sep-2020 06:38,26-Sep-2020 09:03
26-Sep-2020 09:10,26-Sep-2020 09:10,0.283333333333333,0.0,0.0,0
26-Sep-2020 09:24,26-Sep-2020 09:24,0.0833333333333333,0.0,0.0,0
26-Sep-2020 09:25,26-Sep-2020 09:43,18.15,0.0,0.0,0
26-Sep-2020 09:43,26-Sep-2020 10:30,46.6542224009832,0.0,0.0,0
27-Sep-2020 01:45,27-Sep-2020 09:45,480.866666666667,456.187996164958,9.88933525085449,3,27-Sep-2020 01:54,27-Sep-2020 04:27,27-Sep-2020 04:27,27-Sep-2020 09:05,27-Sep-2020 09:09,27-Sep-2020 09:36
28-Sep-2020 02:15,28-Sep-2020 09:54,458.85,446.099729299545,12.7502707004547,1,28-Sep-2020 02:27,28-Sep-2020 09:54
28-Sep-2020 23:46,29-Sep-2020 08:25,519.439622499545,496.0,13.5333333333333,1,29-Sep-2020 00:00,29-Sep-2020 08:16
30-Sep-2020 00:08,30-Sep-2020 08:25,497.805314415693,474.080151150624,8.91666666666667,6,30-Sep-2020 00:17,30-Sep-2020 07:50,30-Sep-2020 07:52,30-Sep-2020 07:53,30-Sep-2020 07:54,30-Sep-2020 08:08,30-Sep-2020 08:09,30-Sep-2020 08:11,30-Sep-2020 08:18,30-Sep-2020 08:21,30-Sep-2020 08:22,30-Sep-2020 08:23
01-Oct-2020 00:28,01-Oct-2020 08:25,477.110099583864,459.0,8.68602289954821,3,01-Oct-2020 00:37,01-Oct-2020 08:11,01-Oct-2020 08:12,01-Oct-2020 08:13,01-Oct-2020 08:15,01-Oct-2020 08:19
02-Oct-2020 00:35,02-Oct-2020 08:23,467.055431016286,409.158941133817,47.209293782711,4,02-Oct-2020 01:23,02-Oct-2020 06:46,02-Oct-2020 06:50,02-Oct-2020 08:12,02-Oct-2020 08:14,02-Oct-2020 08:15,02-Oct-2020 08:16,02-Oct-2020 08:20
02-Oct-2020 08:23,02-Oct-2020 08:23,0.233333333333333,0.0,0.0,0
02-Oct-2020 08:23,02-Oct-2020 08:25,1.45393658280373,0.0,0.0,0
03-Oct-2020 01:49,03-Oct-2020 10:57,547.466666666667,536.162053082387,9.97128025094668,1,03-Oct-2020 01:59,03-Oct-2020 10:56
03-Oct-2020 10:57,03-Oct-2020 10:57,0.0833333333333333,0.0,0.0,0
03-Oct-2020 11:03,03-Oct-2020 11:03,0.166666666666667,0.0,0.0,0
03-Oct-2020 11:04,03-Oct-2020 11:14,10.9166666666667,0.0,0.0,0
04-Oct-2020 00:53,04-Oct-2020 09:17,503.663581766685,490.0,8.08333333333333,1,04-Oct-2020 01:02,04-Oct-2020 09:12
04-Oct-2020 23:33,05-Oct-2020 08:18,525.115252274275,506.0,9.7865098575751,2,04-Oct-2020 23:43,04-Oct-2020 23:44,04-Oct-2020 23:45,05-Oct-2020 08:10
05-Oct-2020 18:00,05-Oct-2020 18:52,52.0,0.0,0.0,0
05-Oct-2020 22:22,06-Oct-2020 07:40,557.933193965753,398.0,22.5053527494272,7,05-Oct-2020 22:45,06-Oct-2020 00:12,06-Oct-2020 00:15,06-Oct-2020 00:16,06-Oct-2020 00:27,06-Oct-2020 00:28,06-Oct-2020 00:43,06-Oct-2020 00:46,06-Oct-2020 01:03,06-Oct-2020 01:12,06-Oct-2020 01:41,06-Oct-2020 03:27,06-Oct-2020 04:28,06-Oct-2020 07:40
06-Oct-2020 09:13,06-Oct-2020 09:29,15.35,0.0,0.0,0
06-Oct-2020 09:29,06-Oct-2020 09:29,0.133333333333333,0.0,0.0,0
06-Oct-2020 09:32,06-Oct-2020 09:32,0.1,0.0,0.0,0
06-Oct-2020 09:33,06-Oct-2020 09:33,0.116666666666667,0.0,0.0,0
06-Oct-2020 09:33,06-Oct-2020 09:35,1.16666666666667,0.0,0.0,0
06-Oct-2020 09:35,06-Oct-2020 09:45,10.0098625500997,0.0,0.0,0
07-Oct-2020 00:09,07-Oct-2020 08:23,493.137400599321,484.5,8.63740059932073,1,07-Oct-2020 00:18,07-Oct-2020 08:23
07-Oct-2020 23:41,08-Oct-2020 08:29,527.593447470665,506.260840415955,21.3326070547104,1,08-Oct-2020 00:02,08-Oct-2020 08:29
09-Oct-2020 00:24,09-Oct-2020 08:27,483.367384684086,454.5,16.2213173170884,2,09-Oct-2020 00:40,09-Oct-2020 08:06,09-Oct-2020 08:15,09-Oct-2020 08:24
10-Oct-2020 02:48,10-Oct-2020 12:28,579.466666666667,0.0,0.0,0
10-Oct-2020 12:28,10-Oct-2020 12:28,0.166666666666667,0.0,0.0,0
10-Oct-2020 12:32,10-Oct-2020 12:33,0.45,0.0,0.0,0
10-Oct-2020 12:37,10-Oct-2020 12:38,1.41666666666667,0.0,0.0,0
10-Oct-2020 12:39,10-Oct-2020 12:41,2.2,0.0,0.0,0
11-Oct-2020 01:12,11-Oct-2020 10:40,567.816666666667,547.0,17.8166666666667,1,11-Oct-2020 01:30,11-Oct-2020 10:37
11-Oct-2020 22:09,12-Oct-2020 09:16,666.816666666667,652.069812150796,6.81666666666667,2,11-Oct-2020 22:16,12-Oct-2020 08:22,12-Oct-2020 08:30,12-Oct-2020 09:16
12-Oct-2020 23:06,13-Oct-2020 08:45,578.95,518.0,60.95,1,13-Oct-2020 00:07,13-Oct-2020 08:45
14-Oct-2020 00:14,14-Oct-2020 08:32,497.016666666667,487.0,10.0166666666667,1,14-Oct-2020 00:25,14-Oct-2020 08:32
15-Oct-2020 00:03,15-Oct-2020 08:31,507.553080683947,497.0,7.26666666666667,2,15-Oct-2020 00:11,15-Oct-2020 01:22,15-Oct-2020 01:25,15-Oct-2020 08:31
16-Oct-2020 00:18,16-Oct-2020 08:31,492.5,483.0,9.5,1,16-Oct-2020 00:28,16-Oct-2020 08:31
17-Oct-2020 00:04,17-Oct-2020 09:26,562.216666666667,530.180469717582,15.2528636157513,2,17-Oct-2020 00:19,17-Oct-2020 09:00,17-Oct-2020 09:12,17-Oct-2020 09:21
17-Oct-2020 09:26,17-Oct-2020 09:28,2.20831078290939,0.0,0.0,0
